<?xml version='1.0' encoding='UTF-8' standalone='no'?>
<doxygen xmlns:xsi="http://www.w3.org/2001/XMLSchema-instance" xsi:noNamespaceSchemaLocation="compound.xsd" version="1.8.13">
  <compounddef id="camadaDeDados_8h" kind="file" language="C++">
    <compoundname>camadaDeDados.h</compoundname>
    <includes refid="lista_8h" local="yes">lista.h</includes>
    <includedby refid="camadaDeDados_8c" local="yes">camadaDeDados.c</includedby>
    <includedby refid="interface_8c" local="yes">interface.c</includedby>
    <includedby refid="logica_8c" local="yes">logica.c</includedby>
    <includedby refid="main_8c" local="yes">main.c</includedby>
    <incdepgraph>
      <node id="6">
        <label>lista.h</label>
        <link refid="lista_8h_source"/>
      </node>
      <node id="5">
        <label>camadaDeDados.h</label>
        <link refid="camadaDeDados_8h"/>
        <childnode refid="6" relation="include">
        </childnode>
      </node>
    </incdepgraph>
    <innerclass refid="structCOORDENADA" prot="public">COORDENADA</innerclass>
    <innerclass refid="structJOGADA" prot="public">JOGADA</innerclass>
    <innerclass refid="structESTADO" prot="public">ESTADO</innerclass>
      <sectiondef kind="enum">
      <memberdef kind="enum" id="camadaDeDados_8h_1aba91601f16d4c485b2d9b8c429f27039" prot="public" static="no">
        <name>CASA</name>
        <enumvalue id="camadaDeDados_8h_1aba91601f16d4c485b2d9b8c429f27039ab620e38b0268bee43c7e9a88bd6e73fa" prot="public">
          <name>UM</name>
          <initializer>=&apos;1&apos;</initializer>
          <briefdescription>
          </briefdescription>
          <detaileddescription>
          </detaileddescription>
        </enumvalue>
        <enumvalue id="camadaDeDados_8h_1aba91601f16d4c485b2d9b8c429f27039a2bf153109d0c8b96e61bc18d5be7c5da" prot="public">
          <name>DOIS</name>
          <initializer>=&apos;2&apos;</initializer>
          <briefdescription>
          </briefdescription>
          <detaileddescription>
          </detaileddescription>
        </enumvalue>
        <enumvalue id="camadaDeDados_8h_1aba91601f16d4c485b2d9b8c429f27039a7178e5f8c6909b8396c7bcfe8c6549fc" prot="public">
          <name>VAZIA</name>
          <initializer>=&apos;.&apos;</initializer>
          <briefdescription>
          </briefdescription>
          <detaileddescription>
          </detaileddescription>
        </enumvalue>
        <enumvalue id="camadaDeDados_8h_1aba91601f16d4c485b2d9b8c429f27039a007278eb3827d19891b47cdd3ac8846d" prot="public">
          <name>PRETA</name>
          <initializer>=&apos;#&apos;</initializer>
          <briefdescription>
          </briefdescription>
          <detaileddescription>
          </detaileddescription>
        </enumvalue>
        <enumvalue id="camadaDeDados_8h_1aba91601f16d4c485b2d9b8c429f27039ad24485fddec75419fd4a0cc9edda0ca5" prot="public">
          <name>BRANCA</name>
          <initializer>=&apos;*&apos;</initializer>
          <briefdescription>
          </briefdescription>
          <detaileddescription>
          </detaileddescription>
        </enumvalue>
        <briefdescription>
<para>Typedef para valores da CASA, todos são char. </para>        </briefdescription>
        <detaileddescription>
        </detaileddescription>
        <inbodydescription>
        </inbodydescription>
        <location file="camadaDeDados.h" line="8" column="1" bodyfile="camadaDeDados.h" bodystart="8" bodyend="8"/>
      </memberdef>
      </sectiondef>
      <sectiondef kind="typedef">
      <memberdef kind="typedef" id="camadaDeDados_8h_1a94c221d29a1760f008b7834093259b7d" prot="public" static="no">
        <type><ref refid="structJOGADA" kindref="compound">JOGADA</ref></type>
        <definition>typedef JOGADA JOGADAS[32]</definition>
        <argsstring>[32]</argsstring>
        <name>JOGADAS</name>
        <briefdescription>
<para>Typedef para jogadas,sendo limitadas em 32 jogadas total, sendo cada jogada 2 coordenada. </para>        </briefdescription>
        <detaileddescription>
        </detaileddescription>
        <inbodydescription>
        </inbodydescription>
        <location file="camadaDeDados.h" line="46" column="1" bodyfile="camadaDeDados.h" bodystart="46" bodyend="-1"/>
      </memberdef>
      </sectiondef>
      <sectiondef kind="func">
      <memberdef kind="function" id="camadaDeDados_8h_1a7e0c7e26fb685d9ab501e19b05e6954f" prot="public" static="no" const="no" explicit="no" inline="no" virt="non-virtual">
        <type><ref refid="structESTADO" kindref="compound">ESTADO</ref> *</type>
        <definition>ESTADO* inicializar_estado</definition>
        <argsstring>()</argsstring>
        <name>inicializar_estado</name>
        <briefdescription>
<para>Função que inicializa o estado,ou seja, aloca uma memoria e gera o tabuleiro inicial. </para>        </briefdescription>
        <detaileddescription>
        </detaileddescription>
        <inbodydescription>
        </inbodydescription>
        <location file="camadaDeDados.h" line="99" column="1" bodyfile="camadaDeDados.c" bodystart="7" bodyend="22"/>
      </memberdef>
      <memberdef kind="function" id="camadaDeDados_8h_1a6dc14c8f0caa0cc13fccada31082be29" prot="public" static="no" const="no" explicit="no" inline="no" virt="non-virtual">
        <type>void</type>
        <definition>void tabuleiro_inicial</definition>
        <argsstring>(ESTADO *e)</argsstring>
        <name>tabuleiro_inicial</name>
        <param>
          <type><ref refid="structESTADO" kindref="compound">ESTADO</ref> *</type>
          <declname>e</declname>
        </param>
        <briefdescription>
<para>Função no qual começamos com um tabuleiro do 0. </para>        </briefdescription>
        <detaileddescription>
<para><parameterlist kind="param"><parameteritem>
<parameternamelist>
<parametername>e</parametername>
</parameternamelist>
<parameterdescription>
<para>estado zerado </para></parameterdescription>
</parameteritem>
</parameterlist>
</para>        </detaileddescription>
        <inbodydescription>
        </inbodydescription>
        <location file="camadaDeDados.h" line="100" column="1" bodyfile="camadaDeDados.c" bodystart="28" bodyend="39"/>
      </memberdef>
      </sectiondef>
    <briefdescription>
    </briefdescription>
    <detaileddescription>
    </detaileddescription>
    <programlisting>
<codeline lineno="1"><highlight class="preprocessor">#ifndef<sp/>LI2_CAMADADEDADOS_H</highlight><highlight class="normal"></highlight></codeline>
<codeline lineno="2"><highlight class="normal"></highlight><highlight class="preprocessor">#define<sp/>LI2_CAMADADEDADOS_H</highlight><highlight class="normal"></highlight></codeline>
<codeline lineno="3"><highlight class="normal"></highlight><highlight class="preprocessor">#include<sp/>&quot;lista.h&quot;</highlight></codeline>
<codeline lineno="8"><highlight class="keyword">typedef</highlight><highlight class="normal"><sp/></highlight><highlight class="keyword">enum</highlight><highlight class="normal"><sp/>{UM=</highlight><highlight class="charliteral">&apos;1&apos;</highlight><highlight class="normal">,DOIS=</highlight><highlight class="charliteral">&apos;2&apos;</highlight><highlight class="normal">,VAZIA=</highlight><highlight class="charliteral">&apos;.&apos;</highlight><highlight class="normal">,PRETA=</highlight><highlight class="charliteral">&apos;#&apos;</highlight><highlight class="normal">,BRANCA=</highlight><highlight class="charliteral">&apos;*&apos;</highlight><highlight class="normal">}<sp/>CASA;</highlight></codeline>
<codeline lineno="12" refid="structCOORDENADA" refkind="compound"><highlight class="keyword">typedef</highlight><highlight class="normal"><sp/></highlight><highlight class="keyword">struct<sp/></highlight><highlight class="normal">{</highlight></codeline>
<codeline lineno="16" refid="structCOORDENADA_1acb526f8ae91ba6a2742ef1a9473fa2b4" refkind="member"><highlight class="normal"><sp/><sp/><sp/><sp/></highlight><highlight class="keywordtype">int</highlight><highlight class="normal"><sp/><ref refid="structCOORDENADA_1acb526f8ae91ba6a2742ef1a9473fa2b4" kindref="member">letra</ref>;</highlight></codeline>
<codeline lineno="20" refid="structCOORDENADA_1aefe14bcc5a066ac3b21500cc3d28c06f" refkind="member"><highlight class="normal"><sp/><sp/><sp/><sp/></highlight><highlight class="keywordtype">int</highlight><highlight class="normal"><sp/><ref refid="structCOORDENADA_1aefe14bcc5a066ac3b21500cc3d28c06f" kindref="member">linha</ref>;</highlight></codeline>
<codeline lineno="24" refid="structCOORDENADA_1ac00ff2e615b371a3d87fbb05449cde99" refkind="member"><highlight class="normal"><sp/><sp/><sp/><sp/></highlight><highlight class="keywordtype">char</highlight><highlight class="normal"><sp/><ref refid="structCOORDENADA_1ac00ff2e615b371a3d87fbb05449cde99" kindref="member">letrinha</ref>;</highlight></codeline>
<codeline lineno="25"><highlight class="normal">}<sp/><ref refid="structCOORDENADA" kindref="compound">COORDENADA</ref>;</highlight></codeline>
<codeline lineno="26"><highlight class="normal"></highlight></codeline>
<codeline lineno="31" refid="structJOGADA" refkind="compound"><highlight class="keyword">typedef</highlight><highlight class="normal"><sp/></highlight><highlight class="keyword">struct<sp/></highlight><highlight class="normal">{</highlight></codeline>
<codeline lineno="35" refid="structJOGADA_1a93d9306cb0c49b66b7d9a615bffe0149" refkind="member"><highlight class="normal"><sp/><sp/><sp/><sp/><ref refid="structCOORDENADA" kindref="compound">COORDENADA</ref><sp/><ref refid="structJOGADA_1a93d9306cb0c49b66b7d9a615bffe0149" kindref="member">jogador1</ref>;</highlight></codeline>
<codeline lineno="39" refid="structJOGADA_1ab46b16dfbdc7f2af9430c8dcdac0914b" refkind="member"><highlight class="normal"><sp/><sp/><sp/><sp/><ref refid="structCOORDENADA" kindref="compound">COORDENADA</ref><sp/><ref refid="structJOGADA_1ab46b16dfbdc7f2af9430c8dcdac0914b" kindref="member">jogador2</ref>;</highlight></codeline>
<codeline lineno="40"><highlight class="normal">}<sp/><ref refid="structJOGADA" kindref="compound">JOGADA</ref>;</highlight></codeline>
<codeline lineno="41"><highlight class="normal"></highlight></codeline>
<codeline lineno="46"><highlight class="keyword">typedef</highlight><highlight class="normal"><sp/><ref refid="structJOGADA" kindref="compound">JOGADA</ref><sp/>JOGADAS[32];</highlight></codeline>
<codeline lineno="51" refid="structESTADO" refkind="compound"><highlight class="keyword">typedef</highlight><highlight class="normal"><sp/></highlight><highlight class="keyword">struct<sp/></highlight><highlight class="normal">{</highlight></codeline>
<codeline lineno="55" refid="structESTADO_1ab56f0f1be16954d3768b4174d14c087d" refkind="member"><highlight class="normal"><sp/><sp/><sp/><sp/>CASA<sp/>tab[8][8];</highlight></codeline>
<codeline lineno="59" refid="structESTADO_1afae43b87a488fad0f2b56a18bad31d18" refkind="member"><highlight class="normal"><sp/><sp/><sp/><sp/>JOGADAS<sp/><ref refid="structESTADO_1afae43b87a488fad0f2b56a18bad31d18" kindref="member">jogadas</ref>;</highlight></codeline>
<codeline lineno="63" refid="structESTADO_1a261495728744647e618b4e623f5a4b7a" refkind="member"><highlight class="normal"><sp/><sp/><sp/><sp/></highlight><highlight class="keywordtype">int</highlight><highlight class="normal"><sp/><ref refid="structESTADO_1a261495728744647e618b4e623f5a4b7a" kindref="member">num_jogadas</ref>;</highlight></codeline>
<codeline lineno="67" refid="structESTADO_1a5dd28e2e68b7aef2b6b7ea88e02eff58" refkind="member"><highlight class="normal"><sp/><sp/><sp/><sp/></highlight><highlight class="keywordtype">int</highlight><highlight class="normal"><sp/><ref refid="structESTADO_1a5dd28e2e68b7aef2b6b7ea88e02eff58" kindref="member">jogador_atual</ref>;</highlight></codeline>
<codeline lineno="71" refid="structESTADO_1a5632721fdfcc6c98f084c91aef5b6e25" refkind="member"><highlight class="normal"><sp/><sp/><sp/><sp/></highlight><highlight class="keywordtype">int</highlight><highlight class="normal"><sp/><ref refid="structESTADO_1a5632721fdfcc6c98f084c91aef5b6e25" kindref="member">count_jog</ref>;</highlight></codeline>
<codeline lineno="75" refid="structESTADO_1a36e8d21ac156e82ce914ccdafc6796ea" refkind="member"><highlight class="normal"><sp/><sp/><sp/><sp/></highlight><highlight class="keywordtype">int</highlight><highlight class="normal"><sp/><ref refid="structESTADO_1a36e8d21ac156e82ce914ccdafc6796ea" kindref="member">count_mov</ref>;</highlight></codeline>
<codeline lineno="79" refid="structESTADO_1a49b04d6940f820509146c9162ac10542" refkind="member"><highlight class="normal"><sp/><sp/><sp/><sp/></highlight><highlight class="keywordtype">int</highlight><highlight class="normal"><sp/><ref refid="structESTADO_1a49b04d6940f820509146c9162ac10542" kindref="member">count_movs</ref>;</highlight></codeline>
<codeline lineno="83" refid="structESTADO_1a248a8554633b7e8e40142e5b8c4e6960" refkind="member"><highlight class="normal"><sp/><sp/><sp/><sp/></highlight><highlight class="keywordtype">int</highlight><highlight class="normal"><sp/><ref refid="structESTADO_1a248a8554633b7e8e40142e5b8c4e6960" kindref="member">num</ref>;</highlight></codeline>
<codeline lineno="87" refid="structESTADO_1ae0aaae1dc17799598305cd40a3ca2ba8" refkind="member"><highlight class="normal"><sp/><sp/><sp/><sp/></highlight><highlight class="keywordtype">int</highlight><highlight class="normal"><sp/><ref refid="structESTADO_1ae0aaae1dc17799598305cd40a3ca2ba8" kindref="member">qntjogs</ref>;</highlight></codeline>
<codeline lineno="91" refid="structESTADO_1ab9b11998a54bde459f72cbbc32e79b0b" refkind="member"><highlight class="normal"><sp/><sp/><sp/><sp/><ref refid="structCOORDENADA" kindref="compound">COORDENADA</ref><sp/>possiveis_jog[8];</highlight></codeline>
<codeline lineno="95" refid="structESTADO_1a4896a5c5c1f40b43fb795623327e3f47" refkind="member"><highlight class="normal"><sp/><sp/><sp/><sp/><ref refid="structCOORDENADA" kindref="compound">COORDENADA</ref><sp/><ref refid="structESTADO_1a4896a5c5c1f40b43fb795623327e3f47" kindref="member">ultima_jogada</ref>;</highlight></codeline>
<codeline lineno="96"><highlight class="normal">}<sp/><ref refid="structESTADO" kindref="compound">ESTADO</ref>;</highlight></codeline>
<codeline lineno="97"><highlight class="normal"></highlight></codeline>
<codeline lineno="98"><highlight class="normal"></highlight><highlight class="comment">/*Funções<sp/>feita<sp/>no<sp/>.c*/</highlight><highlight class="normal"></highlight></codeline>
<codeline lineno="99"><highlight class="normal"><ref refid="structESTADO" kindref="compound">ESTADO</ref><sp/>*inicializar_estado();</highlight></codeline>
<codeline lineno="100"><highlight class="normal"></highlight><highlight class="keywordtype">void</highlight><highlight class="normal"><sp/>tabuleiro_inicial(<ref refid="structESTADO" kindref="compound">ESTADO</ref><sp/>*e);</highlight></codeline>
<codeline lineno="101"><highlight class="normal"></highlight><highlight class="preprocessor">#endif<sp/>//LI2_CAMADADEDADOS_H</highlight></codeline>
    </programlisting>
    <location file="camadaDeDados.h"/>
  </compounddef>
</doxygen>
