<?xml version='1.0' encoding='UTF-8' standalone='no'?>
<doxygenindex xmlns:xsi="http://www.w3.org/2001/XMLSchema-instance" xsi:noNamespaceSchemaLocation="index.xsd" version="1.8.13">
  <compound refid="structCOORDENADA" kind="struct"><name>COORDENADA</name>
    <member refid="structCOORDENADA_1acb526f8ae91ba6a2742ef1a9473fa2b4" kind="variable"><name>letra</name></member>
    <member refid="structCOORDENADA_1aefe14bcc5a066ac3b21500cc3d28c06f" kind="variable"><name>linha</name></member>
    <member refid="structCOORDENADA_1ac00ff2e615b371a3d87fbb05449cde99" kind="variable"><name>letrinha</name></member>
  </compound>
  <compound refid="structESTADO" kind="struct"><name>ESTADO</name>
    <member refid="structESTADO_1ab56f0f1be16954d3768b4174d14c087d" kind="variable"><name>tab</name></member>
    <member refid="structESTADO_1afae43b87a488fad0f2b56a18bad31d18" kind="variable"><name>jogadas</name></member>
    <member refid="structESTADO_1a261495728744647e618b4e623f5a4b7a" kind="variable"><name>num_jogadas</name></member>
    <member refid="structESTADO_1a5dd28e2e68b7aef2b6b7ea88e02eff58" kind="variable"><name>jogador_atual</name></member>
    <member refid="structESTADO_1a5632721fdfcc6c98f084c91aef5b6e25" kind="variable"><name>count_jog</name></member>
    <member refid="structESTADO_1a36e8d21ac156e82ce914ccdafc6796ea" kind="variable"><name>count_mov</name></member>
    <member refid="structESTADO_1a49b04d6940f820509146c9162ac10542" kind="variable"><name>count_movs</name></member>
    <member refid="structESTADO_1a248a8554633b7e8e40142e5b8c4e6960" kind="variable"><name>num</name></member>
    <member refid="structESTADO_1ae0aaae1dc17799598305cd40a3ca2ba8" kind="variable"><name>qntjogs</name></member>
    <member refid="structESTADO_1ab9b11998a54bde459f72cbbc32e79b0b" kind="variable"><name>possiveis_jog</name></member>
    <member refid="structESTADO_1a4896a5c5c1f40b43fb795623327e3f47" kind="variable"><name>ultima_jogada</name></member>
  </compound>
  <compound refid="structJOGADA" kind="struct"><name>JOGADA</name>
    <member refid="structJOGADA_1a93d9306cb0c49b66b7d9a615bffe0149" kind="variable"><name>jogador1</name></member>
    <member refid="structJOGADA_1ab46b16dfbdc7f2af9430c8dcdac0914b" kind="variable"><name>jogador2</name></member>
  </compound>
  <compound refid="structlista" kind="struct"><name>lista</name>
    <member refid="structlista_1a1851230b0237deef0519ee33de9f2dd0" kind="variable"><name>valor</name></member>
    <member refid="structlista_1a3b0e375147c1163d74544fd206a1f1de" kind="variable"><name>prox</name></member>
  </compound>
  <compound refid="camadaDeDados_8c" kind="file"><name>camadaDeDados.c</name>
    <member refid="camadaDeDados_8c_1a7e0c7e26fb685d9ab501e19b05e6954f" kind="function"><name>inicializar_estado</name></member>
    <member refid="camadaDeDados_8c_1a6dc14c8f0caa0cc13fccada31082be29" kind="function"><name>tabuleiro_inicial</name></member>
  </compound>
  <compound refid="camadaDeDados_8h" kind="file"><name>camadaDeDados.h</name>
    <member refid="camadaDeDados_8h_1aba91601f16d4c485b2d9b8c429f27039" kind="enum"><name>CASA</name></member>
    <member refid="camadaDeDados_8h_1aba91601f16d4c485b2d9b8c429f27039ab620e38b0268bee43c7e9a88bd6e73fa" kind="enumvalue"><name>UM</name></member>
    <member refid="camadaDeDados_8h_1aba91601f16d4c485b2d9b8c429f27039a2bf153109d0c8b96e61bc18d5be7c5da" kind="enumvalue"><name>DOIS</name></member>
    <member refid="camadaDeDados_8h_1aba91601f16d4c485b2d9b8c429f27039a7178e5f8c6909b8396c7bcfe8c6549fc" kind="enumvalue"><name>VAZIA</name></member>
    <member refid="camadaDeDados_8h_1aba91601f16d4c485b2d9b8c429f27039a007278eb3827d19891b47cdd3ac8846d" kind="enumvalue"><name>PRETA</name></member>
    <member refid="camadaDeDados_8h_1aba91601f16d4c485b2d9b8c429f27039ad24485fddec75419fd4a0cc9edda0ca5" kind="enumvalue"><name>BRANCA</name></member>
    <member refid="camadaDeDados_8h_1a94c221d29a1760f008b7834093259b7d" kind="typedef"><name>JOGADAS</name></member>
    <member refid="camadaDeDados_8h_1a7e0c7e26fb685d9ab501e19b05e6954f" kind="function"><name>inicializar_estado</name></member>
    <member refid="camadaDeDados_8h_1a6dc14c8f0caa0cc13fccada31082be29" kind="function"><name>tabuleiro_inicial</name></member>
  </compound>
  <compound refid="interface_8c" kind="file"><name>interface.c</name>
    <member refid="interface_8c_1a26f0ea282edd059abe2074fb9a0152df" kind="define"><name>TAMANHO</name></member>
    <member refid="interface_8c_1a54ed4fc066fc86155528860f1e27e29a" kind="function"><name>savetab</name></member>
    <member refid="interface_8c_1a9355e42582b01a7f475441f1ec7cae16" kind="function"><name>lertab</name></member>
    <member refid="interface_8c_1aa0b6c1689e60ac852a73d67e066c1df5" kind="function"><name>mostrar_tabuleiro</name></member>
    <member refid="interface_8c_1a24da95ebeede4a540e37790ce8be359b" kind="function"><name>interpretador</name></member>
  </compound>
  <compound refid="interface_8h" kind="file"><name>interface.h</name>
    <member refid="interface_8h_1aa0b6c1689e60ac852a73d67e066c1df5" kind="function"><name>mostrar_tabuleiro</name></member>
    <member refid="interface_8h_1a24da95ebeede4a540e37790ce8be359b" kind="function"><name>interpretador</name></member>
  </compound>
  <compound refid="lista_8c" kind="file"><name>lista.c</name>
    <member refid="lista_8c_1ae3b99323b6f8f35d80bb69ff1a27985e" kind="function"><name>criar_lista</name></member>
    <member refid="lista_8c_1aa41ba0e589620103449550ab91121aca" kind="function"><name>insere_cabeca</name></member>
    <member refid="lista_8c_1aa9464b296b7a55af908934b3007f5712" kind="function"><name>proximo</name></member>
    <member refid="lista_8c_1a8471aa9581af95e1417a0e59d9e3542c" kind="function"><name>freeList</name></member>
    <member refid="lista_8c_1a8cb8431dc543891d916899135893db0f" kind="function"><name>remove_cabeca</name></member>
    <member refid="lista_8c_1a8424d69f60510800eee6a678f461fc3e" kind="function"><name>lista_vazia</name></member>
    <member refid="lista_8c_1a7daf2472369dc2617e86e90118cc01e6" kind="function"><name>tamanho_lista</name></member>
  </compound>
  <compound refid="lista_8h" kind="file"><name>lista.h</name>
    <member refid="lista_8h_1acfb1dbdea7214f3efb9334ffef161dad" kind="typedef"><name>LISTA</name></member>
    <member refid="lista_8h_1ae3b99323b6f8f35d80bb69ff1a27985e" kind="function"><name>criar_lista</name></member>
    <member refid="lista_8h_1aa9464b296b7a55af908934b3007f5712" kind="function"><name>proximo</name></member>
    <member refid="lista_8h_1a8471aa9581af95e1417a0e59d9e3542c" kind="function"><name>freeList</name></member>
    <member refid="lista_8h_1aa41ba0e589620103449550ab91121aca" kind="function"><name>insere_cabeca</name></member>
    <member refid="lista_8h_1a8cb8431dc543891d916899135893db0f" kind="function"><name>remove_cabeca</name></member>
    <member refid="lista_8h_1a8424d69f60510800eee6a678f461fc3e" kind="function"><name>lista_vazia</name></member>
    <member refid="lista_8h_1a7daf2472369dc2617e86e90118cc01e6" kind="function"><name>tamanho_lista</name></member>
  </compound>
  <compound refid="logica_8c" kind="file"><name>logica.c</name>
    <member refid="logica_8c_1a4e68d436fd02312dbf25a0876e6fcc29" kind="function"><name>jogar</name></member>
    <member refid="logica_8c_1a33d09196f922a638847c19f3aca3fc3c" kind="function"><name>prompt</name></member>
    <member refid="logica_8c_1aa571508b36e6393cb277128f06e2faab" kind="function"><name>show_tab</name></member>
    <member refid="logica_8c_1a2f72f31bf325f0df4de4c83205568509" kind="function"><name>max</name></member>
    <member refid="logica_8c_1aebfa23dbf6ec30f35f2986a654bd47c1" kind="function"><name>min</name></member>
    <member refid="logica_8c_1a329c6a44f2a002dd35f4e9035548672c" kind="function"><name>insere_lista</name></member>
    <member refid="logica_8c_1ae1ef867fc6cff9dd001e161975d394e5" kind="function"><name>possiveis_jogadas</name></member>
    <member refid="logica_8c_1a869a61565247ebb3569f2841e13baf66" kind="function"><name>casa_viz</name></member>
    <member refid="logica_8c_1a2ffe600d2bd5255460de56fa4e0f2e6c" kind="function"><name>casa_livre</name></member>
    <member refid="logica_8c_1ac2288fd73a38857a26dbce0ab6fa39a4" kind="function"><name>parabens</name></member>
    <member refid="logica_8c_1ad7497a69b6aab86cec0b364fba95891b" kind="function"><name>movs</name></member>
    <member refid="logica_8c_1afbd879c565f900fee5eaf33d0eacecf4" kind="function"><name>aux_mov</name></member>
    <member refid="logica_8c_1af7b9e036b5265fe837fca1a90f8a2957" kind="function"><name>aux_movf</name></member>
    <member refid="logica_8c_1a9ec260f4a7d20542dc2d0d6113ed6a16" kind="function"><name>posf</name></member>
    <member refid="logica_8c_1a94f6e53c2541983463d3c510038e5d47" kind="function"><name>troca_jog</name></member>
    <member refid="logica_8c_1ab3070ae0ac0880aa208f3b683023b369" kind="function"><name>iniciar_estado</name></member>
    <member refid="logica_8c_1a8969787aacfb2781973a623e43740b2b" kind="function"><name>mudar_estado</name></member>
    <member refid="logica_8c_1a67b7009b60a816e08c957a4972e304e3" kind="function"><name>calcula_dist</name></member>
    <member refid="logica_8c_1a6b75011b38de15d2c41c617e64bda8b8" kind="function"><name>verifica_jog</name></member>
    <member refid="logica_8c_1a71a5b4b8da90c565e46338dc181333c9" kind="function"><name>area_par</name></member>
    <member refid="logica_8c_1a5fe160d623564d36a22d8740f54132ca" kind="function"><name>altera_bestdist</name></member>
    <member refid="logica_8c_1a32c4705f4b13cdfe98104e3d7fa6648e" kind="function"><name>melhor_coord02</name></member>
    <member refid="logica_8c_1aca9c18491a16e58aff047b500c3d9230" kind="function"><name>jog01</name></member>
    <member refid="logica_8c_1a4c5e3f648e2ba2e23fcbe5a36e79d18f" kind="function"><name>jog02</name></member>
  </compound>
  <compound refid="logica_8h" kind="file"><name>logica.h</name>
    <member refid="logica_8h_1ad7497a69b6aab86cec0b364fba95891b" kind="function"><name>movs</name></member>
    <member refid="logica_8h_1aa571508b36e6393cb277128f06e2faab" kind="function"><name>show_tab</name></member>
    <member refid="logica_8h_1a33d09196f922a638847c19f3aca3fc3c" kind="function"><name>prompt</name></member>
    <member refid="logica_8h_1a4e68d436fd02312dbf25a0876e6fcc29" kind="function"><name>jogar</name></member>
    <member refid="logica_8h_1ac2288fd73a38857a26dbce0ab6fa39a4" kind="function"><name>parabens</name></member>
    <member refid="logica_8h_1afbd879c565f900fee5eaf33d0eacecf4" kind="function"><name>aux_mov</name></member>
    <member refid="logica_8h_1af7b9e036b5265fe837fca1a90f8a2957" kind="function"><name>aux_movf</name></member>
    <member refid="logica_8h_1a9ec260f4a7d20542dc2d0d6113ed6a16" kind="function"><name>posf</name></member>
    <member refid="logica_8h_1a94f6e53c2541983463d3c510038e5d47" kind="function"><name>troca_jog</name></member>
    <member refid="logica_8h_1ab3070ae0ac0880aa208f3b683023b369" kind="function"><name>iniciar_estado</name></member>
    <member refid="logica_8h_1a8969787aacfb2781973a623e43740b2b" kind="function"><name>mudar_estado</name></member>
    <member refid="logica_8h_1a329c6a44f2a002dd35f4e9035548672c" kind="function"><name>insere_lista</name></member>
    <member refid="logica_8h_1aca9c18491a16e58aff047b500c3d9230" kind="function"><name>jog01</name></member>
    <member refid="logica_8h_1a4c5e3f648e2ba2e23fcbe5a36e79d18f" kind="function"><name>jog02</name></member>
    <member refid="logica_8h_1a869a61565247ebb3569f2841e13baf66" kind="function"><name>casa_viz</name></member>
    <member refid="logica_8h_1a2ffe600d2bd5255460de56fa4e0f2e6c" kind="function"><name>casa_livre</name></member>
    <member refid="logica_8h_1ae1ef867fc6cff9dd001e161975d394e5" kind="function"><name>possiveis_jogadas</name></member>
    <member refid="logica_8h_1a67b7009b60a816e08c957a4972e304e3" kind="function"><name>calcula_dist</name></member>
    <member refid="logica_8h_1a6b75011b38de15d2c41c617e64bda8b8" kind="function"><name>verifica_jog</name></member>
    <member refid="logica_8h_1a71a5b4b8da90c565e46338dc181333c9" kind="function"><name>area_par</name></member>
    <member refid="logica_8h_1a32c4705f4b13cdfe98104e3d7fa6648e" kind="function"><name>melhor_coord02</name></member>
  </compound>
  <compound refid="main_8c" kind="file"><name>main.c</name>
    <member refid="main_8c_1ae66f6b31b5ad750f1fe042a706a4e3d4" kind="function"><name>main</name></member>
  </compound>
  <compound refid="README_8md" kind="file"><name>README.md</name>
  </compound>
  <compound refid="relatorio_8md" kind="file"><name>relatorio.md</name>
  </compound>
  <compound refid="md_README" kind="page"><name>md_README</name>
  </compound>
  <compound refid="md_relatorio" kind="page"><name>md_relatorio</name>
  </compound>
</doxygenindex>
