<?xml version='1.0' encoding='UTF-8' standalone='no'?>
<doxygen xmlns:xsi="http://www.w3.org/2001/XMLSchema-instance" xsi:noNamespaceSchemaLocation="compound.xsd" version="1.8.13">
  <compounddef id="interface_8c" kind="file" language="C++">
    <compoundname>interface.c</compoundname>
    <includes local="no">stdio.h</includes>
    <includes local="no">string.h</includes>
    <includes refid="camadaDeDados_8h" local="yes">camadaDeDados.h</includes>
    <includes refid="logica_8h" local="yes">logica.h</includes>
    <includes refid="lista_8h" local="yes">lista.h</includes>
    <incdepgraph>
      <node id="12">
        <label>lista.h</label>
        <link refid="lista_8h_source"/>
      </node>
      <node id="11">
        <label>camadaDeDados.h</label>
        <link refid="camadaDeDados_8h_source"/>
        <childnode refid="12" relation="include">
        </childnode>
      </node>
      <node id="10">
        <label>string.h</label>
      </node>
      <node id="13">
        <label>logica.h</label>
        <link refid="logica_8h_source"/>
        <childnode refid="12" relation="include">
        </childnode>
      </node>
      <node id="8">
        <label>interface.c</label>
        <link refid="interface_8c"/>
        <childnode refid="9" relation="include">
        </childnode>
        <childnode refid="10" relation="include">
        </childnode>
        <childnode refid="11" relation="include">
        </childnode>
        <childnode refid="13" relation="include">
        </childnode>
        <childnode refid="12" relation="include">
        </childnode>
      </node>
      <node id="9">
        <label>stdio.h</label>
      </node>
    </incdepgraph>
      <sectiondef kind="define">
      <memberdef kind="define" id="interface_8c_1a26f0ea282edd059abe2074fb9a0152df" prot="public" static="no">
        <name>TAMANHO</name>
        <initializer>1024</initializer>
        <briefdescription>
        </briefdescription>
        <detaileddescription>
        </detaileddescription>
        <inbodydescription>
        </inbodydescription>
        <location file="interface.c" line="6" column="13" bodyfile="interface.c" bodystart="6" bodyend="-1"/>
      </memberdef>
      </sectiondef>
      <sectiondef kind="func">
      <memberdef kind="function" id="interface_8c_1a54ed4fc066fc86155528860f1e27e29a" prot="public" static="no" const="no" explicit="no" inline="no" virt="non-virtual">
        <type>void</type>
        <definition>void savetab</definition>
        <argsstring>(ESTADO *e, char *tabuleiro)</argsstring>
        <name>savetab</name>
        <param>
          <type><ref refid="structESTADO" kindref="compound">ESTADO</ref> *</type>
          <declname>e</declname>
        </param>
        <param>
          <type>char *</type>
          <declname>tabuleiro</declname>
        </param>
        <briefdescription>
<para>Está função salva o tabuleiro em um ficheiro. </para>        </briefdescription>
        <detaileddescription>
<para><parameterlist kind="param"><parameteritem>
<parameternamelist>
<parametername>e</parametername>
</parameternamelist>
<parameterdescription>
<para>Estado atual </para></parameterdescription>
</parameteritem>
<parameteritem>
<parameternamelist>
<parametername>tabuleiro</parametername>
</parameternamelist>
<parameterdescription>
<para></para></parameterdescription>
</parameteritem>
</parameterlist>
</para>        </detaileddescription>
        <inbodydescription>
        </inbodydescription>
        <location file="interface.c" line="13" column="1" bodyfile="interface.c" bodystart="13" bodyend="19"/>
      </memberdef>
      <memberdef kind="function" id="interface_8c_1a9355e42582b01a7f475441f1ec7cae16" prot="public" static="no" const="no" explicit="no" inline="no" virt="non-virtual">
        <type>void</type>
        <definition>void lertab</definition>
        <argsstring>(ESTADO *e, char *tabuleiro)</argsstring>
        <name>lertab</name>
        <param>
          <type><ref refid="structESTADO" kindref="compound">ESTADO</ref> *</type>
          <declname>e</declname>
        </param>
        <param>
          <type>char *</type>
          <declname>tabuleiro</declname>
        </param>
        <briefdescription>
<para>Esta função ler o ficheiro salvo. </para>        </briefdescription>
        <detaileddescription>
<para><parameterlist kind="param"><parameteritem>
<parameternamelist>
<parametername>e</parametername>
</parameternamelist>
<parameterdescription>
<para>Estado Atual </para></parameterdescription>
</parameteritem>
<parameteritem>
<parameternamelist>
<parametername>tabuleiro</parametername>
</parameternamelist>
<parameterdescription>
<para></para></parameterdescription>
</parameteritem>
</parameterlist>
</para>        </detaileddescription>
        <inbodydescription>
        </inbodydescription>
        <location file="interface.c" line="26" column="1" bodyfile="interface.c" bodystart="26" bodyend="62"/>
      </memberdef>
      <memberdef kind="function" id="interface_8c_1aa0b6c1689e60ac852a73d67e066c1df5" prot="public" static="no" const="no" explicit="no" inline="no" virt="non-virtual">
        <type>void</type>
        <definition>void mostrar_tabuleiro</definition>
        <argsstring>(ESTADO *e)</argsstring>
        <name>mostrar_tabuleiro</name>
        <param>
          <type><ref refid="structESTADO" kindref="compound">ESTADO</ref> *</type>
          <declname>e</declname>
        </param>
        <briefdescription>
<para>Função que mostra a tabuleiro no ecrã. </para>        </briefdescription>
        <detaileddescription>
<para><parameterlist kind="param"><parameteritem>
<parameternamelist>
<parametername>e</parametername>
</parameternamelist>
<parameterdescription>
<para>Estado atual </para></parameterdescription>
</parameteritem>
</parameterlist>
</para>        </detaileddescription>
        <inbodydescription>
        </inbodydescription>
        <location file="interface.c" line="68" column="1" bodyfile="interface.c" bodystart="68" bodyend="77"/>
      </memberdef>
      <memberdef kind="function" id="interface_8c_1a24da95ebeede4a540e37790ce8be359b" prot="public" static="no" const="no" explicit="no" inline="no" virt="non-virtual">
        <type>int</type>
        <definition>int interpretador</definition>
        <argsstring>(ESTADO *e)</argsstring>
        <name>interpretador</name>
        <param>
          <type><ref refid="structESTADO" kindref="compound">ESTADO</ref> *</type>
          <declname>e</declname>
        </param>
        <briefdescription>
        </briefdescription>
        <detaileddescription>
<para>Interpretador do jogo, local onde aplicamos as funções e comandos par ao jogo <parameterlist kind="param"><parameteritem>
<parameternamelist>
<parametername>e</parametername>
</parameternamelist>
<parameterdescription>
<para>Estado do jogo </para></parameterdescription>
</parameteritem>
</parameterlist>
<simplesect kind="return"><para>0 </para></simplesect>
</para>        </detaileddescription>
        <inbodydescription>
        </inbodydescription>
        <location file="interface.c" line="84" column="1" bodyfile="interface.c" bodystart="84" bodyend="149"/>
      </memberdef>
      </sectiondef>
    <briefdescription>
    </briefdescription>
    <detaileddescription>
    </detaileddescription>
    <programlisting>
<codeline lineno="1"><highlight class="preprocessor">#include<sp/>&lt;stdio.h&gt;</highlight><highlight class="normal"></highlight></codeline>
<codeline lineno="2"><highlight class="normal"></highlight><highlight class="preprocessor">#include<sp/>&lt;string.h&gt;</highlight><highlight class="normal"></highlight></codeline>
<codeline lineno="3"><highlight class="normal"></highlight><highlight class="preprocessor">#include<sp/>&quot;camadaDeDados.h&quot;</highlight><highlight class="normal"></highlight></codeline>
<codeline lineno="4"><highlight class="normal"></highlight><highlight class="preprocessor">#include<sp/>&quot;logica.h&quot;</highlight><highlight class="normal"></highlight></codeline>
<codeline lineno="5"><highlight class="normal"></highlight><highlight class="preprocessor">#include<sp/>&quot;lista.h&quot;</highlight><highlight class="normal"></highlight></codeline>
<codeline lineno="6"><highlight class="normal"></highlight><highlight class="preprocessor">#define<sp/><sp/>TAMANHO<sp/>1024</highlight><highlight class="normal"></highlight></codeline>
<codeline lineno="7"><highlight class="normal"></highlight></codeline>
<codeline lineno="13"><highlight class="keywordtype">void</highlight><highlight class="normal"><sp/>savetab(<ref refid="structESTADO" kindref="compound">ESTADO</ref><sp/>*e,<sp/></highlight><highlight class="keywordtype">char</highlight><highlight class="normal"><sp/>*tabuleiro){</highlight></codeline>
<codeline lineno="14"><highlight class="normal"><sp/><sp/><sp/><sp/>FILE<sp/>*f=<sp/>fopen(tabuleiro,<sp/></highlight><highlight class="stringliteral">&quot;w&quot;</highlight><highlight class="normal">);</highlight></codeline>
<codeline lineno="15"><highlight class="normal"><sp/><sp/><sp/><sp/>show_tab(f,e);</highlight></codeline>
<codeline lineno="16"><highlight class="normal"><sp/><sp/><sp/><sp/>fprintf(f,</highlight><highlight class="stringliteral">&quot;\n&quot;</highlight><highlight class="normal">);</highlight></codeline>
<codeline lineno="17"><highlight class="normal"><sp/><sp/><sp/><sp/>aux_movf(e,f);</highlight></codeline>
<codeline lineno="18"><highlight class="normal"><sp/><sp/><sp/><sp/>fclose(f);</highlight></codeline>
<codeline lineno="19"><highlight class="normal">}</highlight></codeline>
<codeline lineno="26"><highlight class="keywordtype">void</highlight><highlight class="normal"><sp/>lertab(<ref refid="structESTADO" kindref="compound">ESTADO</ref><sp/>*e,</highlight><highlight class="keywordtype">char</highlight><highlight class="normal"><sp/>*tabuleiro)<sp/>{</highlight></codeline>
<codeline lineno="27"><highlight class="normal"><sp/><sp/><sp/><sp/>FILE<sp/>*f=<sp/>fopen(tabuleiro,</highlight><highlight class="stringliteral">&quot;r&quot;</highlight><highlight class="normal">);</highlight></codeline>
<codeline lineno="28"><highlight class="normal"><sp/><sp/><sp/><sp/>tabuleiro_inicial(e);</highlight></codeline>
<codeline lineno="29"><highlight class="normal"><sp/><sp/><sp/><sp/>iniciar_estado(e);</highlight></codeline>
<codeline lineno="30"><highlight class="normal"><sp/><sp/><sp/><sp/></highlight><highlight class="keywordtype">char</highlight><highlight class="normal"><sp/>j1[3],j2[3],col1[2],lin1[2],col2[2],lin2[2],linha[TAMANHO];</highlight></codeline>
<codeline lineno="31"><highlight class="normal"><sp/><sp/><sp/><sp/></highlight><highlight class="keywordtype">int</highlight><highlight class="normal"><sp/>jogadas;</highlight></codeline>
<codeline lineno="32"><highlight class="normal"><sp/><sp/><sp/><sp/></highlight><highlight class="keywordflow">for</highlight><highlight class="normal"><sp/>(</highlight><highlight class="keywordtype">int</highlight><highlight class="normal"><sp/>i<sp/>=<sp/>0;<sp/>i<sp/>&lt;<sp/>8<sp/>&amp;&amp;<sp/>fgets(linha,<sp/>TAMANHO,<sp/>f)<sp/>!=<sp/>NULL;i++);</highlight></codeline>
<codeline lineno="33"><highlight class="normal"><sp/><sp/><sp/><sp/></highlight><highlight class="keywordflow">while</highlight><highlight class="normal"><sp/>((jogadas<sp/>=<sp/>(fscanf(f,</highlight><highlight class="stringliteral">&quot;%*s<sp/>%s<sp/>%s\n&quot;</highlight><highlight class="normal">,j1,j2)))!=<sp/>EOF)<sp/>{</highlight></codeline>
<codeline lineno="34"><highlight class="normal"><sp/><sp/><sp/><sp/><sp/><sp/><sp/><sp/>sscanf(j1,<sp/></highlight><highlight class="stringliteral">&quot;%[a-h]%[1-8]&quot;</highlight><highlight class="normal">,<sp/>col1,lin1);</highlight></codeline>
<codeline lineno="35"><highlight class="normal"><sp/><sp/><sp/><sp/><sp/><sp/><sp/><sp/><ref refid="structCOORDENADA" kindref="compound">COORDENADA</ref><sp/>c1<sp/>=<sp/>{*col1<sp/>-</highlight><highlight class="charliteral">&apos;a&apos;</highlight><highlight class="normal">,</highlight><highlight class="charliteral">&apos;8&apos;</highlight><highlight class="normal"><sp/>-<sp/>*lin1,0};</highlight></codeline>
<codeline lineno="36"><highlight class="normal"><sp/><sp/><sp/><sp/><sp/><sp/><sp/><sp/>c1.<ref refid="structCOORDENADA_1acb526f8ae91ba6a2742ef1a9473fa2b4" kindref="member">letra</ref><sp/>=<sp/>*col1<sp/>-</highlight><highlight class="charliteral">&apos;a&apos;</highlight><highlight class="normal">;</highlight></codeline>
<codeline lineno="37"><highlight class="normal"><sp/><sp/><sp/><sp/><sp/><sp/><sp/><sp/>c1.<ref refid="structCOORDENADA_1aefe14bcc5a066ac3b21500cc3d28c06f" kindref="member">linha</ref><sp/>=<sp/></highlight><highlight class="charliteral">&apos;8&apos;</highlight><highlight class="normal">-<sp/>*lin1;</highlight></codeline>
<codeline lineno="38"><highlight class="normal"><sp/><sp/><sp/><sp/><sp/><sp/><sp/><sp/>c1.<ref refid="structCOORDENADA_1ac00ff2e615b371a3d87fbb05449cde99" kindref="member">letrinha</ref><sp/>=<sp/>col1[0];</highlight></codeline>
<codeline lineno="39"><highlight class="normal"><sp/><sp/><sp/><sp/><sp/><sp/><sp/><sp/>sscanf(j2,<sp/></highlight><highlight class="stringliteral">&quot;%[a-h]%[1-8]&quot;</highlight><highlight class="normal">,<sp/>col2,lin2);</highlight></codeline>
<codeline lineno="40"><highlight class="normal"><sp/><sp/><sp/><sp/><sp/><sp/><sp/><sp/><ref refid="structCOORDENADA" kindref="compound">COORDENADA</ref><sp/>c2<sp/>=<sp/>{*col2<sp/>-</highlight><highlight class="charliteral">&apos;a&apos;</highlight><highlight class="normal">,</highlight><highlight class="charliteral">&apos;8&apos;</highlight><highlight class="normal"><sp/>-<sp/>*lin2,0};</highlight></codeline>
<codeline lineno="41"><highlight class="normal"><sp/><sp/><sp/><sp/><sp/><sp/><sp/><sp/>c2.<ref refid="structCOORDENADA_1acb526f8ae91ba6a2742ef1a9473fa2b4" kindref="member">letra</ref><sp/>=<sp/>*col2<sp/>-</highlight><highlight class="charliteral">&apos;a&apos;</highlight><highlight class="normal">;</highlight></codeline>
<codeline lineno="42"><highlight class="normal"><sp/><sp/><sp/><sp/><sp/><sp/><sp/><sp/>c2.<ref refid="structCOORDENADA_1aefe14bcc5a066ac3b21500cc3d28c06f" kindref="member">linha</ref><sp/>=<sp/></highlight><highlight class="charliteral">&apos;8&apos;</highlight><highlight class="normal">-<sp/>*lin2;</highlight></codeline>
<codeline lineno="43"><highlight class="normal"><sp/><sp/><sp/><sp/><sp/><sp/><sp/><sp/>c2.<ref refid="structCOORDENADA_1ac00ff2e615b371a3d87fbb05449cde99" kindref="member">letrinha</ref><sp/>=<sp/>col2[0];</highlight></codeline>
<codeline lineno="44"><highlight class="normal"><sp/><sp/><sp/><sp/><sp/><sp/><sp/><sp/></highlight><highlight class="keywordflow">if</highlight><highlight class="normal"><sp/>(jogadas==2){</highlight></codeline>
<codeline lineno="45"><highlight class="normal"><sp/><sp/><sp/><sp/><sp/><sp/><sp/><sp/><sp/><sp/><sp/><sp/>troca_jog(e);</highlight></codeline>
<codeline lineno="46"><highlight class="normal"><sp/><sp/><sp/><sp/><sp/><sp/><sp/><sp/><sp/><sp/><sp/><sp/>movs(e,c1);</highlight></codeline>
<codeline lineno="47"><highlight class="normal"><sp/><sp/><sp/><sp/><sp/><sp/><sp/><sp/><sp/><sp/><sp/><sp/>jogar(e,c1);</highlight></codeline>
<codeline lineno="48"><highlight class="normal"><sp/><sp/><sp/><sp/><sp/><sp/><sp/><sp/><sp/><sp/><sp/><sp/>mudar_estado(e);</highlight></codeline>
<codeline lineno="49"><highlight class="normal"></highlight></codeline>
<codeline lineno="50"><highlight class="normal"><sp/><sp/><sp/><sp/><sp/><sp/><sp/><sp/><sp/><sp/><sp/><sp/>troca_jog(e);</highlight></codeline>
<codeline lineno="51"><highlight class="normal"><sp/><sp/><sp/><sp/><sp/><sp/><sp/><sp/><sp/><sp/><sp/><sp/>movs(e,c2);</highlight></codeline>
<codeline lineno="52"><highlight class="normal"><sp/><sp/><sp/><sp/><sp/><sp/><sp/><sp/><sp/><sp/><sp/><sp/>jogar(e,c2);</highlight></codeline>
<codeline lineno="53"><highlight class="normal"><sp/><sp/><sp/><sp/><sp/><sp/><sp/><sp/><sp/><sp/><sp/><sp/>mudar_estado(e);</highlight></codeline>
<codeline lineno="54"><highlight class="normal"><sp/><sp/><sp/><sp/><sp/><sp/><sp/><sp/><sp/><sp/><sp/><sp/><sp/>}</highlight></codeline>
<codeline lineno="55"><highlight class="normal"><sp/><sp/><sp/><sp/><sp/><sp/><sp/><sp/></highlight><highlight class="keywordflow">else</highlight><highlight class="normal"><sp/></highlight><highlight class="keywordflow">if</highlight><highlight class="normal"><sp/>(jogadas==1){</highlight></codeline>
<codeline lineno="56"><highlight class="normal"><sp/><sp/><sp/><sp/><sp/><sp/><sp/><sp/><sp/><sp/><sp/><sp/>troca_jog(e);</highlight></codeline>
<codeline lineno="57"><highlight class="normal"><sp/><sp/><sp/><sp/><sp/><sp/><sp/><sp/><sp/><sp/><sp/><sp/>movs(e,c1);</highlight></codeline>
<codeline lineno="58"><highlight class="normal"><sp/><sp/><sp/><sp/><sp/><sp/><sp/><sp/><sp/><sp/><sp/><sp/>jogar(e,c1);</highlight></codeline>
<codeline lineno="59"><highlight class="normal"><sp/><sp/><sp/><sp/><sp/><sp/><sp/><sp/><sp/><sp/><sp/><sp/>mudar_estado(e);}</highlight></codeline>
<codeline lineno="60"><highlight class="normal"><sp/><sp/><sp/><sp/>}</highlight></codeline>
<codeline lineno="61"><highlight class="normal"><sp/><sp/><sp/><sp/>fclose(f);</highlight></codeline>
<codeline lineno="62"><highlight class="normal"><sp/><sp/><sp/><sp/>}</highlight></codeline>
<codeline lineno="68"><highlight class="keywordtype">void</highlight><highlight class="normal"><sp/>mostrar_tabuleiro(<ref refid="structESTADO" kindref="compound">ESTADO</ref><sp/>*e)<sp/>{</highlight></codeline>
<codeline lineno="69"><highlight class="normal"><sp/><sp/><sp/><sp/></highlight><highlight class="keywordtype">int</highlight><highlight class="normal"><sp/>i,<sp/>j;</highlight></codeline>
<codeline lineno="70"><highlight class="normal"><sp/><sp/><sp/><sp/></highlight><highlight class="keywordtype">int</highlight><highlight class="normal"><sp/>c<sp/>=<sp/>8;</highlight></codeline>
<codeline lineno="71"><highlight class="normal"><sp/><sp/><sp/><sp/></highlight><highlight class="keywordflow">for</highlight><highlight class="normal"><sp/>(i<sp/>=<sp/>0;<sp/>i<sp/>&lt;<sp/>8;<sp/>i++)<sp/>{</highlight></codeline>
<codeline lineno="72"><highlight class="normal"><sp/><sp/><sp/><sp/><sp/><sp/><sp/><sp/></highlight><highlight class="keywordflow">for</highlight><highlight class="normal"><sp/>(j<sp/>=<sp/>0;<sp/>j<sp/>&lt;<sp/>8;<sp/>j++)<sp/>{</highlight></codeline>
<codeline lineno="73"><highlight class="normal"><sp/><sp/><sp/><sp/><sp/><sp/><sp/><sp/><sp/><sp/>printf<sp/>(</highlight><highlight class="stringliteral">&quot;%c<sp/>&quot;</highlight><highlight class="normal">,e-&gt;<ref refid="structESTADO_1ab56f0f1be16954d3768b4174d14c087d" kindref="member">tab</ref>[i][j]);}</highlight></codeline>
<codeline lineno="74"><highlight class="normal"><sp/><sp/><sp/><sp/><sp/><sp/><sp/><sp/>printf(</highlight><highlight class="stringliteral">&quot;<sp/><sp/>%d\n&quot;</highlight><highlight class="normal">,<sp/>c);</highlight></codeline>
<codeline lineno="75"><highlight class="normal"><sp/><sp/><sp/><sp/><sp/><sp/><sp/><sp/>c--;}</highlight></codeline>
<codeline lineno="76"><highlight class="normal"><sp/><sp/><sp/><sp/>printf(</highlight><highlight class="stringliteral">&quot;\nA<sp/>B<sp/>C<sp/>D<sp/>E<sp/>F<sp/>G<sp/>H\n&quot;</highlight><highlight class="normal">);</highlight></codeline>
<codeline lineno="77"><highlight class="normal">}</highlight></codeline>
<codeline lineno="78"><highlight class="normal"></highlight></codeline>
<codeline lineno="84"><highlight class="keywordtype">int</highlight><highlight class="normal"><sp/>interpretador(<ref refid="structESTADO" kindref="compound">ESTADO</ref><sp/>*e)<sp/>{</highlight></codeline>
<codeline lineno="85"><highlight class="normal"><sp/><sp/><sp/><sp/></highlight><highlight class="keywordtype">char</highlight><highlight class="normal"><sp/>file_name[TAMANHO],linha[TAMANHO],col[2],lin[2];</highlight></codeline>
<codeline lineno="86"><highlight class="normal"><sp/><sp/><sp/><sp/></highlight><highlight class="keywordtype">int</highlight><highlight class="normal"><sp/>x;</highlight></codeline>
<codeline lineno="87"><highlight class="normal"><sp/><sp/><sp/><sp/><ref refid="structlista" kindref="compound">LISTA</ref><sp/>d<sp/>=<sp/>criar_lista();</highlight></codeline>
<codeline lineno="88"><highlight class="normal"><sp/><sp/><sp/><sp/>iniciar_estado(e);</highlight></codeline>
<codeline lineno="89"><highlight class="normal"><sp/><sp/><sp/><sp/>e-&gt;<ref refid="structESTADO_1a36e8d21ac156e82ce914ccdafc6796ea" kindref="member">count_mov</ref><sp/>=<sp/>1;</highlight></codeline>
<codeline lineno="90"><highlight class="normal"><sp/><sp/><sp/><sp/></highlight><highlight class="keywordflow">while</highlight><highlight class="normal"><sp/>(e-&gt;<ref refid="structESTADO_1a248a8554633b7e8e40142e5b8c4e6960" kindref="member">num</ref><sp/>==<sp/>0)<sp/>{</highlight></codeline>
<codeline lineno="91"><highlight class="normal"><sp/><sp/><sp/><sp/><sp/><sp/><sp/><sp/>troca_jog(e);</highlight></codeline>
<codeline lineno="92"><highlight class="normal"><sp/><sp/><sp/><sp/><sp/><sp/><sp/><sp/></highlight><highlight class="keywordflow">if</highlight><highlight class="normal"><sp/>((possiveis_jogadas(e,<sp/>&amp;d))<sp/>==<sp/>0)<sp/>{</highlight></codeline>
<codeline lineno="93"><highlight class="normal"><sp/><sp/><sp/><sp/><sp/><sp/><sp/><sp/><sp/><sp/><sp/><sp/>parabens(e-&gt;<ref refid="structESTADO_1a5dd28e2e68b7aef2b6b7ea88e02eff58" kindref="member">jogador_atual</ref>);</highlight></codeline>
<codeline lineno="94"><highlight class="normal"><sp/><sp/><sp/><sp/><sp/><sp/><sp/><sp/><sp/><sp/><sp/><sp/></highlight><highlight class="keywordflow">break</highlight><highlight class="normal">;}</highlight></codeline>
<codeline lineno="95"><highlight class="normal"><sp/><sp/><sp/><sp/><sp/><sp/><sp/><sp/>prompt(e);</highlight></codeline>
<codeline lineno="96"><highlight class="normal"><sp/><sp/><sp/><sp/><sp/><sp/><sp/><sp/></highlight><highlight class="keywordflow">if</highlight><highlight class="normal"><sp/>(fgets(linha,<sp/>TAMANHO,<sp/>stdin))<sp/>{</highlight></codeline>
<codeline lineno="97"><highlight class="normal"><sp/><sp/><sp/><sp/><sp/><sp/><sp/><sp/><sp/><sp/><sp/><sp/>sscanf(linha,<sp/></highlight><highlight class="stringliteral">&quot;%[a-h]%[1-8]&quot;</highlight><highlight class="normal">,<sp/>col,<sp/>lin);</highlight></codeline>
<codeline lineno="98"><highlight class="normal"><sp/><sp/><sp/><sp/><sp/><sp/><sp/><sp/><sp/><sp/><sp/><sp/><ref refid="structCOORDENADA" kindref="compound">COORDENADA</ref><sp/>c<sp/>=<sp/>{*col<sp/>-<sp/></highlight><highlight class="charliteral">&apos;a&apos;</highlight><highlight class="normal">,<sp/></highlight><highlight class="charliteral">&apos;8&apos;</highlight><highlight class="normal"><sp/>-<sp/>*lin,<sp/>0};</highlight></codeline>
<codeline lineno="99"><highlight class="normal"><sp/><sp/><sp/><sp/><sp/><sp/><sp/><sp/><sp/><sp/><sp/><sp/>c.<ref refid="structCOORDENADA_1acb526f8ae91ba6a2742ef1a9473fa2b4" kindref="member">letra</ref><sp/>=<sp/>*col<sp/>-<sp/></highlight><highlight class="charliteral">&apos;a&apos;</highlight><highlight class="normal">;</highlight></codeline>
<codeline lineno="100"><highlight class="normal"><sp/><sp/><sp/><sp/><sp/><sp/><sp/><sp/><sp/><sp/><sp/><sp/>c.<ref refid="structCOORDENADA_1aefe14bcc5a066ac3b21500cc3d28c06f" kindref="member">linha</ref><sp/>=<sp/></highlight><highlight class="charliteral">&apos;8&apos;</highlight><highlight class="normal"><sp/>-<sp/>*lin;</highlight></codeline>
<codeline lineno="101"><highlight class="normal"><sp/><sp/><sp/><sp/><sp/><sp/><sp/><sp/><sp/><sp/><sp/><sp/>c.<ref refid="structCOORDENADA_1ac00ff2e615b371a3d87fbb05449cde99" kindref="member">letrinha</ref><sp/>=<sp/>col[0];</highlight></codeline>
<codeline lineno="102"><highlight class="normal"><sp/><sp/><sp/><sp/><sp/><sp/><sp/><sp/><sp/><sp/><sp/><sp/></highlight><highlight class="comment">/*Validação<sp/>de<sp/>jogadas*/</highlight><highlight class="normal"></highlight></codeline>
<codeline lineno="103"><highlight class="normal"><sp/><sp/><sp/><sp/><sp/><sp/><sp/><sp/><sp/><sp/><sp/><sp/></highlight><highlight class="keywordflow">if</highlight><highlight class="normal"><sp/>(strlen(linha)<sp/>==<sp/>3<sp/>&amp;&amp;<sp/>sscanf(linha,<sp/></highlight><highlight class="stringliteral">&quot;%[a-h]%[1-8]&quot;</highlight><highlight class="normal">,<sp/>col,<sp/>lin)<sp/>==<sp/>2)<sp/>{</highlight></codeline>
<codeline lineno="104"><highlight class="normal"><sp/><sp/><sp/><sp/><sp/><sp/><sp/><sp/><sp/><sp/><sp/><sp/><sp/><sp/><sp/><sp/></highlight><highlight class="keywordflow">if</highlight><highlight class="normal"><sp/>((casa_viz(e-&gt;<ref refid="structESTADO_1a4896a5c5c1f40b43fb795623327e3f47" kindref="member">ultima_jogada</ref>,<sp/>c)<sp/>==<sp/>1)<sp/>&amp;&amp;<sp/>(casa_livre(e,<sp/>c)<sp/>==<sp/>1))<sp/>{</highlight></codeline>
<codeline lineno="105"><highlight class="normal"><sp/><sp/><sp/><sp/><sp/><sp/><sp/><sp/><sp/><sp/><sp/><sp/><sp/><sp/><sp/><sp/><sp/><sp/><sp/><sp/>movs(e,<sp/>c);</highlight></codeline>
<codeline lineno="106"><highlight class="normal"><sp/><sp/><sp/><sp/><sp/><sp/><sp/><sp/><sp/><sp/><sp/><sp/><sp/><sp/><sp/><sp/><sp/><sp/><sp/><sp/>jogar(e,<sp/>c);</highlight></codeline>
<codeline lineno="107"><highlight class="normal"><sp/><sp/><sp/><sp/><sp/><sp/><sp/><sp/><sp/><sp/><sp/><sp/><sp/><sp/><sp/><sp/><sp/><sp/><sp/><sp/>mudar_estado(e);</highlight></codeline>
<codeline lineno="108"><highlight class="normal"><sp/><sp/><sp/><sp/><sp/><sp/><sp/><sp/><sp/><sp/><sp/><sp/><sp/><sp/><sp/><sp/>}<sp/></highlight><highlight class="keywordflow">else</highlight><highlight class="normal"><sp/>printf(</highlight><highlight class="stringliteral">&quot;Jogada<sp/>invalida,tente<sp/>novamente!!\n\n&quot;</highlight><highlight class="normal">);</highlight></codeline>
<codeline lineno="109"><highlight class="normal"><sp/><sp/><sp/><sp/><sp/><sp/><sp/><sp/><sp/><sp/><sp/><sp/>}</highlight></codeline>
<codeline lineno="110"><highlight class="normal"><sp/><sp/><sp/><sp/><sp/><sp/><sp/><sp/><sp/><sp/><sp/><sp/></highlight><highlight class="comment">/*<sp/>Caso<sp/>o<sp/>jogador<sp/>digite<sp/>&quot;Quit&quot;<sp/>o<sp/>jogo<sp/>acaba*/</highlight><highlight class="normal"></highlight></codeline>
<codeline lineno="111"><highlight class="normal"><sp/><sp/><sp/><sp/><sp/><sp/><sp/><sp/><sp/><sp/><sp/><sp/></highlight><highlight class="keywordflow">if</highlight><highlight class="normal"><sp/>(!(strncmp(linha,<sp/></highlight><highlight class="stringliteral">&quot;Quit&quot;</highlight><highlight class="normal">,<sp/>4)))<sp/></highlight><highlight class="keywordflow">break</highlight><highlight class="normal">;</highlight></codeline>
<codeline lineno="112"><highlight class="normal"><sp/><sp/><sp/><sp/><sp/><sp/><sp/><sp/><sp/><sp/><sp/><sp/></highlight><highlight class="comment">/*Caso<sp/>o<sp/>jogador<sp/>digite<sp/>&quot;gr&quot;<sp/>irá<sp/>gravar<sp/>o<sp/>tabuleiro<sp/>e<sp/>o<sp/>estado<sp/>*/</highlight><highlight class="normal"></highlight></codeline>
<codeline lineno="113"><highlight class="normal"><sp/><sp/><sp/><sp/><sp/><sp/><sp/><sp/><sp/><sp/><sp/><sp/></highlight><highlight class="keywordflow">if</highlight><highlight class="normal"><sp/>(sscanf(linha,<sp/></highlight><highlight class="stringliteral">&quot;gr<sp/>%s&quot;</highlight><highlight class="normal">,<sp/>file_name)<sp/>==<sp/>1)<sp/>{</highlight></codeline>
<codeline lineno="114"><highlight class="normal"><sp/><sp/><sp/><sp/><sp/><sp/><sp/><sp/><sp/><sp/><sp/><sp/><sp/><sp/><sp/><sp/>savetab(e,<sp/>file_name);</highlight></codeline>
<codeline lineno="115"><highlight class="normal"><sp/><sp/><sp/><sp/><sp/><sp/><sp/><sp/><sp/><sp/><sp/><sp/>}</highlight></codeline>
<codeline lineno="116"><highlight class="normal"><sp/><sp/><sp/><sp/><sp/><sp/><sp/><sp/><sp/><sp/><sp/><sp/></highlight><highlight class="comment">/*Caso<sp/>o<sp/>jogador<sp/>digite<sp/>&quot;ler&quot;<sp/>irá<sp/>ler<sp/>o<sp/>arquivo<sp/>gerado<sp/>anteriormente<sp/>*/</highlight><highlight class="normal"></highlight></codeline>
<codeline lineno="117"><highlight class="normal"><sp/><sp/><sp/><sp/><sp/><sp/><sp/><sp/><sp/><sp/><sp/><sp/></highlight><highlight class="keywordflow">if</highlight><highlight class="normal"><sp/>(sscanf(linha,<sp/></highlight><highlight class="stringliteral">&quot;ler<sp/>%s&quot;</highlight><highlight class="normal">,<sp/>file_name)<sp/>==<sp/>(1))<sp/>{</highlight></codeline>
<codeline lineno="118"><highlight class="normal"><sp/><sp/><sp/><sp/><sp/><sp/><sp/><sp/><sp/><sp/><sp/><sp/><sp/><sp/><sp/><sp/>lertab(e,<sp/>file_name);</highlight></codeline>
<codeline lineno="119"><highlight class="normal"><sp/><sp/><sp/><sp/><sp/><sp/><sp/><sp/><sp/><sp/><sp/><sp/>}</highlight><highlight class="comment">/*Caso<sp/>o<sp/>jogador<sp/>digite<sp/>&quot;movs&quot;<sp/>irá<sp/>dar<sp/>no<sp/>ecrã<sp/>as<sp/>jogadas<sp/>feita<sp/>até<sp/>o<sp/>momento*/</highlight><highlight class="normal"></highlight></codeline>
<codeline lineno="120"><highlight class="normal"><sp/><sp/><sp/><sp/><sp/><sp/><sp/><sp/><sp/><sp/><sp/><sp/></highlight><highlight class="keywordflow">if</highlight><highlight class="normal"><sp/>(strcmp(linha,<sp/></highlight><highlight class="stringliteral">&quot;movs&quot;</highlight><highlight class="normal">)==10)<sp/>{</highlight></codeline>
<codeline lineno="121"><highlight class="normal"><sp/><sp/><sp/><sp/><sp/><sp/><sp/><sp/><sp/><sp/><sp/><sp/><sp/><sp/><sp/><sp/>aux_mov(e);</highlight></codeline>
<codeline lineno="122"><highlight class="normal"><sp/><sp/><sp/><sp/><sp/><sp/><sp/><sp/><sp/><sp/><sp/><sp/>}</highlight></codeline>
<codeline lineno="123"><highlight class="normal"><sp/><sp/><sp/><sp/><sp/><sp/><sp/><sp/><sp/><sp/><sp/><sp/></highlight><highlight class="comment">/*Caso<sp/>o<sp/>jogador<sp/>digite<sp/>&quot;pos&quot;<sp/>irá<sp/>gravar<sp/>o<sp/>tabuleiro<sp/>e<sp/>os<sp/>movimentos*/</highlight><highlight class="normal"></highlight></codeline>
<codeline lineno="124"><highlight class="normal"><sp/><sp/><sp/><sp/><sp/><sp/><sp/><sp/><sp/><sp/><sp/><sp/></highlight><highlight class="keywordflow">if</highlight><highlight class="normal"><sp/>(sscanf(linha,<sp/></highlight><highlight class="stringliteral">&quot;pos<sp/>%d&quot;</highlight><highlight class="normal">,<sp/>&amp;x)<sp/>==<sp/>1)<sp/>{</highlight></codeline>
<codeline lineno="125"><highlight class="normal"><sp/><sp/><sp/><sp/><sp/><sp/><sp/><sp/><sp/><sp/><sp/><sp/><sp/><sp/><sp/><sp/>posf(e,<sp/>x);</highlight></codeline>
<codeline lineno="126"><highlight class="normal"><sp/><sp/><sp/><sp/><sp/><sp/><sp/><sp/><sp/><sp/><sp/><sp/>}</highlight></codeline>
<codeline lineno="127"><highlight class="normal"><sp/><sp/><sp/><sp/><sp/><sp/><sp/><sp/><sp/><sp/><sp/><sp/></highlight><highlight class="comment">/*Caso<sp/>o<sp/>jogador<sp/>digite<sp/>&quot;jog&quot;<sp/>irá<sp/>ativar<sp/>o<sp/>bot<sp/>e<sp/>haverá<sp/>uma<sp/>jogada*/</highlight><highlight class="normal"></highlight></codeline>
<codeline lineno="128"><highlight class="normal"><sp/><sp/><sp/><sp/><sp/><sp/><sp/><sp/><sp/><sp/><sp/><sp/></highlight><highlight class="keywordflow">if</highlight><highlight class="normal"><sp/>(strcmp(linha,<sp/></highlight><highlight class="stringliteral">&quot;jog&quot;</highlight><highlight class="normal">)==10)<sp/>{</highlight></codeline>
<codeline lineno="129"><highlight class="normal"><sp/><sp/><sp/><sp/><sp/><sp/><sp/><sp/><sp/><sp/><sp/><sp/><sp/><sp/><sp/><sp/>jog01(e,&amp;d);</highlight></codeline>
<codeline lineno="130"><highlight class="normal"><sp/><sp/><sp/><sp/><sp/><sp/><sp/><sp/><sp/><sp/><sp/><sp/>}</highlight></codeline>
<codeline lineno="131"><highlight class="normal"><sp/><sp/><sp/><sp/><sp/><sp/><sp/><sp/><sp/><sp/><sp/><sp/></highlight><highlight class="comment">/*Caso<sp/>o<sp/>jogador<sp/>digite<sp/>&quot;jog2&quot;<sp/>irá<sp/>ativar<sp/>o<sp/>bot2<sp/>e<sp/>haverá<sp/>uma<sp/>jogada*/</highlight><highlight class="normal"></highlight></codeline>
<codeline lineno="132"><highlight class="normal"><sp/><sp/><sp/><sp/><sp/><sp/><sp/><sp/><sp/><sp/><sp/><sp/></highlight><highlight class="keywordflow">if</highlight><highlight class="normal"><sp/>(strcmp(linha,<sp/></highlight><highlight class="stringliteral">&quot;jog2&quot;</highlight><highlight class="normal">)==10)<sp/>{</highlight></codeline>
<codeline lineno="133"><highlight class="normal"><sp/><sp/><sp/><sp/><sp/><sp/><sp/><sp/><sp/><sp/><sp/><sp/><sp/><sp/><sp/><sp/>jog02(e,<sp/>&amp;d);</highlight></codeline>
<codeline lineno="134"><highlight class="normal"><sp/><sp/><sp/><sp/><sp/><sp/><sp/><sp/><sp/><sp/><sp/><sp/>}</highlight></codeline>
<codeline lineno="135"><highlight class="normal"><sp/><sp/><sp/><sp/><sp/><sp/><sp/><sp/><sp/><sp/><sp/><sp/>freeList(&amp;d);</highlight></codeline>
<codeline lineno="136"><highlight class="normal"><sp/><sp/><sp/><sp/><sp/><sp/><sp/><sp/><sp/><sp/><sp/><sp/></highlight><highlight class="keywordflow">if</highlight><highlight class="normal"><sp/>(e-&gt;<ref refid="structESTADO_1ab56f0f1be16954d3768b4174d14c087d" kindref="member">tab</ref>[7][0]<sp/>==<sp/>BRANCA)<sp/>{</highlight></codeline>
<codeline lineno="137"><highlight class="normal"><sp/><sp/><sp/><sp/><sp/><sp/><sp/><sp/><sp/><sp/><sp/><sp/><sp/><sp/><sp/><sp/>parabens(1);</highlight></codeline>
<codeline lineno="138"><highlight class="normal"><sp/><sp/><sp/><sp/><sp/><sp/><sp/><sp/><sp/><sp/><sp/><sp/><sp/><sp/><sp/><sp/>e-&gt;<ref refid="structESTADO_1a248a8554633b7e8e40142e5b8c4e6960" kindref="member">num</ref>++;</highlight></codeline>
<codeline lineno="139"><highlight class="normal"><sp/><sp/><sp/><sp/><sp/><sp/><sp/><sp/><sp/><sp/><sp/><sp/>}</highlight></codeline>
<codeline lineno="140"><highlight class="normal"><sp/><sp/><sp/><sp/><sp/><sp/><sp/><sp/><sp/><sp/><sp/><sp/></highlight><highlight class="keywordflow">if</highlight><highlight class="normal"><sp/>(e-&gt;<ref refid="structESTADO_1ab56f0f1be16954d3768b4174d14c087d" kindref="member">tab</ref>[0][7]<sp/>==<sp/>BRANCA)<sp/>{</highlight></codeline>
<codeline lineno="141"><highlight class="normal"><sp/><sp/><sp/><sp/><sp/><sp/><sp/><sp/><sp/><sp/><sp/><sp/><sp/><sp/><sp/><sp/>parabens(2);</highlight></codeline>
<codeline lineno="142"><highlight class="normal"><sp/><sp/><sp/><sp/><sp/><sp/><sp/><sp/><sp/><sp/><sp/><sp/><sp/><sp/><sp/><sp/>e-&gt;<ref refid="structESTADO_1a248a8554633b7e8e40142e5b8c4e6960" kindref="member">num</ref>++;}</highlight></codeline>
<codeline lineno="143"><highlight class="normal"><sp/><sp/><sp/><sp/><sp/><sp/><sp/><sp/><sp/><sp/><sp/><sp/>e-&gt;<ref refid="structESTADO_1a36e8d21ac156e82ce914ccdafc6796ea" kindref="member">count_mov</ref>++;</highlight></codeline>
<codeline lineno="144"><highlight class="normal"><sp/><sp/><sp/><sp/><sp/><sp/><sp/><sp/><sp/><sp/><sp/><sp/></highlight><highlight class="keywordflow">if</highlight><highlight class="normal"><sp/>(e-&gt;<ref refid="structESTADO_1a248a8554633b7e8e40142e5b8c4e6960" kindref="member">num</ref><sp/>==<sp/>0)<sp/>mostrar_tabuleiro(e);</highlight></codeline>
<codeline lineno="145"><highlight class="normal"></highlight></codeline>
<codeline lineno="146"><highlight class="normal"><sp/><sp/><sp/><sp/><sp/><sp/><sp/><sp/>}</highlight></codeline>
<codeline lineno="147"><highlight class="normal"><sp/><sp/><sp/><sp/>}</highlight></codeline>
<codeline lineno="148"><highlight class="normal"><sp/><sp/><sp/><sp/></highlight><highlight class="keywordflow">return</highlight><highlight class="normal"><sp/>0;</highlight></codeline>
<codeline lineno="149"><highlight class="normal">}</highlight></codeline>
    </programlisting>
    <location file="interface.c"/>
  </compounddef>
</doxygen>
