<?xml version='1.0' encoding='UTF-8' standalone='no'?>
<doxygen xmlns:xsi="http://www.w3.org/2001/XMLSchema-instance" xsi:noNamespaceSchemaLocation="compound.xsd" version="1.8.13">
  <compounddef id="logica_8c" kind="file" language="C++">
    <compoundname>logica.c</compoundname>
    <includes local="no">stdio.h</includes>
    <includes local="no">stdlib.h</includes>
    <includes local="no">string.h</includes>
    <includes refid="camadaDeDados_8h" local="yes">camadaDeDados.h</includes>
    <includes refid="logica_8h" local="yes">logica.h</includes>
    <includes refid="lista_8h" local="yes">lista.h</includes>
    <incdepgraph>
      <node id="30">
        <label>stdlib.h</label>
      </node>
      <node id="33">
        <label>lista.h</label>
        <link refid="lista_8h_source"/>
      </node>
      <node id="32">
        <label>camadaDeDados.h</label>
        <link refid="camadaDeDados_8h_source"/>
        <childnode refid="33" relation="include">
        </childnode>
      </node>
      <node id="31">
        <label>string.h</label>
      </node>
      <node id="28">
        <label>logica.c</label>
        <link refid="logica_8c"/>
        <childnode refid="29" relation="include">
        </childnode>
        <childnode refid="30" relation="include">
        </childnode>
        <childnode refid="31" relation="include">
        </childnode>
        <childnode refid="32" relation="include">
        </childnode>
        <childnode refid="34" relation="include">
        </childnode>
        <childnode refid="33" relation="include">
        </childnode>
      </node>
      <node id="34">
        <label>logica.h</label>
        <link refid="logica_8h_source"/>
        <childnode refid="33" relation="include">
        </childnode>
      </node>
      <node id="29">
        <label>stdio.h</label>
      </node>
    </incdepgraph>
      <sectiondef kind="func">
      <memberdef kind="function" id="logica_8c_1a4e68d436fd02312dbf25a0876e6fcc29" prot="public" static="no" const="no" explicit="no" inline="no" virt="non-virtual">
        <type>void</type>
        <definition>void jogar</definition>
        <argsstring>(ESTADO *e, COORDENADA c)</argsstring>
        <name>jogar</name>
        <param>
          <type><ref refid="structESTADO" kindref="compound">ESTADO</ref> *</type>
          <declname>e</declname>
        </param>
        <param>
          <type><ref refid="structCOORDENADA" kindref="compound">COORDENADA</ref></type>
          <declname>c</declname>
        </param>
        <briefdescription>
<para>Faz a mudança de estado e realiza a jogada. </para>        </briefdescription>
        <detaileddescription>
<para><parameterlist kind="param"><parameteritem>
<parameternamelist>
<parametername>e</parametername>
</parameternamelist>
<parameterdescription>
<para>Estado atual do jogo </para></parameterdescription>
</parameteritem>
<parameteritem>
<parameternamelist>
<parametername>c</parametername>
</parameternamelist>
<parameterdescription>
<para>A coordenada </para></parameterdescription>
</parameteritem>
</parameterlist>
</para>        </detaileddescription>
        <inbodydescription>
        </inbodydescription>
        <location file="logica.c" line="13" column="1" bodyfile="logica.c" bodystart="13" bodyend="22"/>
      </memberdef>
      <memberdef kind="function" id="logica_8c_1a33d09196f922a638847c19f3aca3fc3c" prot="public" static="no" const="no" explicit="no" inline="no" virt="non-virtual">
        <type>void</type>
        <definition>void prompt</definition>
        <argsstring>(ESTADO *e)</argsstring>
        <name>prompt</name>
        <param>
          <type><ref refid="structESTADO" kindref="compound">ESTADO</ref> *</type>
          <declname>e</declname>
        </param>
        <briefdescription>
<para>Prompt do jogo. </para>        </briefdescription>
        <detaileddescription>
        </detaileddescription>
        <inbodydescription>
        </inbodydescription>
        <location file="logica.c" line="27" column="1" bodyfile="logica.c" bodystart="27" bodyend="29"/>
      </memberdef>
      <memberdef kind="function" id="logica_8c_1aa571508b36e6393cb277128f06e2faab" prot="public" static="no" const="no" explicit="no" inline="no" virt="non-virtual">
        <type>void</type>
        <definition>void show_tab</definition>
        <argsstring>(FILE *f, ESTADO *e)</argsstring>
        <name>show_tab</name>
        <param>
          <type>FILE *</type>
          <declname>f</declname>
        </param>
        <param>
          <type><ref refid="structESTADO" kindref="compound">ESTADO</ref> *</type>
          <declname>e</declname>
        </param>
        <briefdescription>
<para>Cria o tabuleiro no file. </para>        </briefdescription>
        <detaileddescription>
        </detaileddescription>
        <inbodydescription>
        </inbodydescription>
        <location file="logica.c" line="34" column="1" bodyfile="logica.c" bodystart="34" bodyend="40"/>
      </memberdef>
      <memberdef kind="function" id="logica_8c_1a2f72f31bf325f0df4de4c83205568509" prot="public" static="no" const="no" explicit="no" inline="no" virt="non-virtual">
        <type>int</type>
        <definition>int max</definition>
        <argsstring>(int x, int y)</argsstring>
        <name>max</name>
        <param>
          <type>int</type>
          <declname>x</declname>
        </param>
        <param>
          <type>int</type>
          <declname>y</declname>
        </param>
        <briefdescription>
<para>Função auxiliar que compara o maior número de 2 inteiros. </para>        </briefdescription>
        <detaileddescription>
        </detaileddescription>
        <inbodydescription>
        </inbodydescription>
        <location file="logica.c" line="45" column="1" bodyfile="logica.c" bodystart="45" bodyend="50"/>
      </memberdef>
      <memberdef kind="function" id="logica_8c_1aebfa23dbf6ec30f35f2986a654bd47c1" prot="public" static="no" const="no" explicit="no" inline="no" virt="non-virtual">
        <type>int</type>
        <definition>int min</definition>
        <argsstring>(int x, int y)</argsstring>
        <name>min</name>
        <param>
          <type>int</type>
          <declname>x</declname>
        </param>
        <param>
          <type>int</type>
          <declname>y</declname>
        </param>
        <briefdescription>
<para>Função auxiliar que compara o menor número de 2 inteiros. </para>        </briefdescription>
        <detaileddescription>
        </detaileddescription>
        <inbodydescription>
        </inbodydescription>
        <location file="logica.c" line="55" column="1" bodyfile="logica.c" bodystart="55" bodyend="60"/>
      </memberdef>
      <memberdef kind="function" id="logica_8c_1a329c6a44f2a002dd35f4e9035548672c" prot="public" static="no" const="no" explicit="no" inline="no" virt="non-virtual">
        <type>void</type>
        <definition>void insere_lista</definition>
        <argsstring>(LISTA *a, ESTADO *e)</argsstring>
        <name>insere_lista</name>
        <param>
          <type><ref refid="structlista" kindref="compound">LISTA</ref> *</type>
          <declname>a</declname>
        </param>
        <param>
          <type><ref refid="structESTADO" kindref="compound">ESTADO</ref> *</type>
          <declname>e</declname>
        </param>
        <briefdescription>
<para>Insere na lista ligada as possiveis jogadas. </para>        </briefdescription>
        <detaileddescription>
<para><parameterlist kind="param"><parameteritem>
<parameternamelist>
<parametername>a</parametername>
</parameternamelist>
<parameterdescription>
<para>Lista ligada </para></parameterdescription>
</parameteritem>
<parameteritem>
<parameternamelist>
<parametername>e</parametername>
</parameternamelist>
<parameterdescription>
<para>estado atual </para></parameterdescription>
</parameteritem>
</parameterlist>
</para>        </detaileddescription>
        <inbodydescription>
        </inbodydescription>
        <location file="logica.c" line="67" column="1" bodyfile="logica.c" bodystart="67" bodyend="73"/>
      </memberdef>
      <memberdef kind="function" id="logica_8c_1ae1ef867fc6cff9dd001e161975d394e5" prot="public" static="no" const="no" explicit="no" inline="no" virt="non-virtual">
        <type>int</type>
        <definition>int possiveis_jogadas</definition>
        <argsstring>(ESTADO *e, LISTA *d)</argsstring>
        <name>possiveis_jogadas</name>
        <param>
          <type><ref refid="structESTADO" kindref="compound">ESTADO</ref> *</type>
          <declname>e</declname>
        </param>
        <param>
          <type><ref refid="structlista" kindref="compound">LISTA</ref> *</type>
          <declname>d</declname>
        </param>
        <briefdescription>
<para>Função que conta quantas possíveis jogadas existem no momento. </para>        </briefdescription>
        <detaileddescription>
<para><parameterlist kind="param"><parameteritem>
<parameternamelist>
<parametername>e</parametername>
</parameternamelist>
<parameterdescription>
<para>Estado que vai nos fornecer: o tabuleiro com o estado de cada casa e a última jogada feita </para></parameterdescription>
</parameteritem>
<parameteritem>
<parameternamelist>
<parametername>d</parametername>
</parameternamelist>
<parameterdescription>
<para>Lista ligada </para></parameterdescription>
</parameteritem>
</parameterlist>
<simplesect kind="return"><para>retorna as possiveis jogadas </para></simplesect>
</para>        </detaileddescription>
        <inbodydescription>
        </inbodydescription>
        <location file="logica.c" line="81" column="1" bodyfile="logica.c" bodystart="81" bodyend="109"/>
      </memberdef>
      <memberdef kind="function" id="logica_8c_1a869a61565247ebb3569f2841e13baf66" prot="public" static="no" const="no" explicit="no" inline="no" virt="non-virtual">
        <type>int</type>
        <definition>int casa_viz</definition>
        <argsstring>(COORDENADA cAntes, COORDENADA cJog)</argsstring>
        <name>casa_viz</name>
        <param>
          <type><ref refid="structCOORDENADA" kindref="compound">COORDENADA</ref></type>
          <declname>cAntes</declname>
        </param>
        <param>
          <type><ref refid="structCOORDENADA" kindref="compound">COORDENADA</ref></type>
          <declname>cJog</declname>
        </param>
        <briefdescription>
<para>Função que garante se duas coordenadas são vizinhas no tabuleiro. </para>        </briefdescription>
        <detaileddescription>
<para><parameterlist kind="param"><parameteritem>
<parameternamelist>
<parametername>cAntes</parametername>
</parameternamelist>
<parameterdescription>
<para>última coordenada jogada no tabuleiro </para></parameterdescription>
</parameteritem>
<parameteritem>
<parameternamelist>
<parametername>cJog</parametername>
</parameternamelist>
<parameterdescription>
<para>coordenada jogada pelo jogador </para></parameterdescription>
</parameteritem>
</parameterlist>
</para>        </detaileddescription>
        <inbodydescription>
        </inbodydescription>
        <location file="logica.c" line="115" column="1" bodyfile="logica.c" bodystart="115" bodyend="124"/>
      </memberdef>
      <memberdef kind="function" id="logica_8c_1a2ffe600d2bd5255460de56fa4e0f2e6c" prot="public" static="no" const="no" explicit="no" inline="no" virt="non-virtual">
        <type>int</type>
        <definition>int casa_livre</definition>
        <argsstring>(ESTADO *e, COORDENADA c)</argsstring>
        <name>casa_livre</name>
        <param>
          <type><ref refid="structESTADO" kindref="compound">ESTADO</ref> *</type>
          <declname>e</declname>
        </param>
        <param>
          <type><ref refid="structCOORDENADA" kindref="compound">COORDENADA</ref></type>
          <declname>c</declname>
        </param>
        <briefdescription>
<para>Função que confere se a casa específica está livre para jogar. </para>        </briefdescription>
        <detaileddescription>
<para><parameterlist kind="param"><parameteritem>
<parameternamelist>
<parametername>e</parametername>
</parameternamelist>
<parameterdescription>
<para>Estado que nos dará o tabuleiro com os estados das suas casas </para></parameterdescription>
</parameteritem>
<parameteritem>
<parameternamelist>
<parametername>c</parametername>
</parameternamelist>
<parameterdescription>
<para>coordenada da casa que queremos conferir o estado </para></parameterdescription>
</parameteritem>
</parameterlist>
</para>        </detaileddescription>
        <inbodydescription>
        </inbodydescription>
        <location file="logica.c" line="131" column="1" bodyfile="logica.c" bodystart="131" bodyend="136"/>
      </memberdef>
      <memberdef kind="function" id="logica_8c_1ac2288fd73a38857a26dbce0ab6fa39a4" prot="public" static="no" const="no" explicit="no" inline="no" virt="non-virtual">
        <type>void</type>
        <definition>void parabens</definition>
        <argsstring>(int jogador)</argsstring>
        <name>parabens</name>
        <param>
          <type>int</type>
          <declname>jogador</declname>
        </param>
        <briefdescription>
<para>Função que da parabens ao jogador que ganhar. </para>        </briefdescription>
        <detaileddescription>
<para><parameterlist kind="param"><parameteritem>
<parameternamelist>
<parametername>jogador</parametername>
</parameternamelist>
<parameterdescription>
<para></para></parameterdescription>
</parameteritem>
</parameterlist>
</para>        </detaileddescription>
        <inbodydescription>
        </inbodydescription>
        <location file="logica.c" line="142" column="1" bodyfile="logica.c" bodystart="142" bodyend="145"/>
      </memberdef>
      <memberdef kind="function" id="logica_8c_1ad7497a69b6aab86cec0b364fba95891b" prot="public" static="no" const="no" explicit="no" inline="no" virt="non-virtual">
        <type>void</type>
        <definition>void movs</definition>
        <argsstring>(ESTADO *e, COORDENADA c)</argsstring>
        <name>movs</name>
        <param>
          <type><ref refid="structESTADO" kindref="compound">ESTADO</ref> *</type>
          <declname>e</declname>
        </param>
        <param>
          <type><ref refid="structCOORDENADA" kindref="compound">COORDENADA</ref></type>
          <declname>c</declname>
        </param>
        <briefdescription>
<para>Função salvar_movs, armazena na lista de jogadas o ultimo movimento feito. </para>        </briefdescription>
        <detaileddescription>
<para><parameterlist kind="param"><parameteritem>
<parameternamelist>
<parametername>e</parametername>
</parameternamelist>
<parameterdescription>
<para>Estado atuaç </para></parameterdescription>
</parameteritem>
<parameteritem>
<parameternamelist>
<parametername>c</parametername>
</parameternamelist>
<parameterdescription>
<para>coordenada imserida </para></parameterdescription>
</parameteritem>
</parameterlist>
</para>        </detaileddescription>
        <inbodydescription>
        </inbodydescription>
        <location file="logica.c" line="152" column="1" bodyfile="logica.c" bodystart="152" bodyend="166"/>
      </memberdef>
      <memberdef kind="function" id="logica_8c_1afbd879c565f900fee5eaf33d0eacecf4" prot="public" static="no" const="no" explicit="no" inline="no" virt="non-virtual">
        <type>void</type>
        <definition>void aux_mov</definition>
        <argsstring>(ESTADO *e)</argsstring>
        <name>aux_mov</name>
        <param>
          <type><ref refid="structESTADO" kindref="compound">ESTADO</ref> *</type>
          <declname>e</declname>
        </param>
        <briefdescription>
<para>Função desenvolvida para ser o prompt do jogo (Estados do jogo) </para>        </briefdescription>
        <detaileddescription>
<para><parameterlist kind="param"><parameteritem>
<parameternamelist>
<parametername>e</parametername>
</parameternamelist>
<parameterdescription>
<para>estado atual </para></parameterdescription>
</parameteritem>
</parameterlist>
</para>        </detaileddescription>
        <inbodydescription>
        </inbodydescription>
        <location file="logica.c" line="172" column="1" bodyfile="logica.c" bodystart="172" bodyend="190"/>
      </memberdef>
      <memberdef kind="function" id="logica_8c_1af7b9e036b5265fe837fca1a90f8a2957" prot="public" static="no" const="no" explicit="no" inline="no" virt="non-virtual">
        <type>void</type>
        <definition>void aux_movf</definition>
        <argsstring>(ESTADO *e, FILE *f)</argsstring>
        <name>aux_movf</name>
        <param>
          <type><ref refid="structESTADO" kindref="compound">ESTADO</ref> *</type>
          <declname>e</declname>
        </param>
        <param>
          <type>FILE *</type>
          <declname>f</declname>
        </param>
        <briefdescription>
<para>Função desenvolvida para ser o prompt do jogo (Estados do jogo), feita para ser gravada no ficheiro. </para>        </briefdescription>
        <detaileddescription>
<para><parameterlist kind="param"><parameteritem>
<parameternamelist>
<parametername>e</parametername>
</parameternamelist>
<parameterdescription>
<para></para></parameterdescription>
</parameteritem>
<parameteritem>
<parameternamelist>
<parametername>f</parametername>
</parameternamelist>
<parameterdescription>
<para></para></parameterdescription>
</parameteritem>
</parameterlist>
</para>        </detaileddescription>
        <inbodydescription>
        </inbodydescription>
        <location file="logica.c" line="197" column="1" bodyfile="logica.c" bodystart="197" bodyend="215"/>
      </memberdef>
      <memberdef kind="function" id="logica_8c_1a9ec260f4a7d20542dc2d0d6113ed6a16" prot="public" static="no" const="no" explicit="no" inline="no" virt="non-virtual">
        <type>void</type>
        <definition>void posf</definition>
        <argsstring>(ESTADO *e, int x)</argsstring>
        <name>posf</name>
        <param>
          <type><ref refid="structESTADO" kindref="compound">ESTADO</ref> *</type>
          <declname>e</declname>
        </param>
        <param>
          <type>int</type>
          <declname>x</declname>
        </param>
        <briefdescription>
<para>Função para o comando pos,no qual retornar a jogada específica no índice declado. </para>        </briefdescription>
        <detaileddescription>
<para><parameterlist kind="param"><parameteritem>
<parameternamelist>
<parametername>e</parametername>
</parameternamelist>
<parameterdescription>
<para>estado </para></parameterdescription>
</parameteritem>
<parameteritem>
<parameternamelist>
<parametername>x</parametername>
</parameternamelist>
<parameterdescription>
<para>índice </para></parameterdescription>
</parameteritem>
</parameterlist>
</para>        </detaileddescription>
        <inbodydescription>
        </inbodydescription>
        <location file="logica.c" line="222" column="1" bodyfile="logica.c" bodystart="222" bodyend="234"/>
      </memberdef>
      <memberdef kind="function" id="logica_8c_1a94f6e53c2541983463d3c510038e5d47" prot="public" static="no" const="no" explicit="no" inline="no" virt="non-virtual">
        <type>void</type>
        <definition>void troca_jog</definition>
        <argsstring>(ESTADO *e)</argsstring>
        <name>troca_jog</name>
        <param>
          <type><ref refid="structESTADO" kindref="compound">ESTADO</ref> *</type>
          <declname>e</declname>
        </param>
        <briefdescription>
<para>Função no qual alternar os jogadores ao decorrer das jogadas efetuadas. </para>        </briefdescription>
        <detaileddescription>
<para><parameterlist kind="param"><parameteritem>
<parameternamelist>
<parametername>e</parametername>
</parameternamelist>
<parameterdescription>
<para>Estado </para></parameterdescription>
</parameteritem>
</parameterlist>
</para>        </detaileddescription>
        <inbodydescription>
        </inbodydescription>
        <location file="logica.c" line="240" column="1" bodyfile="logica.c" bodystart="240" bodyend="247"/>
      </memberdef>
      <memberdef kind="function" id="logica_8c_1ab3070ae0ac0880aa208f3b683023b369" prot="public" static="no" const="no" explicit="no" inline="no" virt="non-virtual">
        <type>void</type>
        <definition>void iniciar_estado</definition>
        <argsstring>(ESTADO *e)</argsstring>
        <name>iniciar_estado</name>
        <param>
          <type><ref refid="structESTADO" kindref="compound">ESTADO</ref> *</type>
          <declname>e</declname>
        </param>
        <briefdescription>
<para>Função criada apenas para inicir o estado devidamente. </para>        </briefdescription>
        <detaileddescription>
<para><parameterlist kind="param"><parameteritem>
<parameternamelist>
<parametername>e</parametername>
</parameternamelist>
<parameterdescription>
<para>Estado atual </para></parameterdescription>
</parameteritem>
</parameterlist>
</para>        </detaileddescription>
        <inbodydescription>
        </inbodydescription>
        <location file="logica.c" line="253" column="1" bodyfile="logica.c" bodystart="253" bodyend="258"/>
      </memberdef>
      <memberdef kind="function" id="logica_8c_1a8969787aacfb2781973a623e43740b2b" prot="public" static="no" const="no" explicit="no" inline="no" virt="non-virtual">
        <type>void</type>
        <definition>void mudar_estado</definition>
        <argsstring>(ESTADO *e)</argsstring>
        <name>mudar_estado</name>
        <param>
          <type><ref refid="structESTADO" kindref="compound">ESTADO</ref> *</type>
          <declname>e</declname>
        </param>
        <briefdescription>
<para>Função que altera o estado com atualização das jogadas feita. </para>        </briefdescription>
        <detaileddescription>
<para><parameterlist kind="param"><parameteritem>
<parameternamelist>
<parametername>e</parametername>
</parameternamelist>
<parameterdescription>
<para>Estado atual </para></parameterdescription>
</parameteritem>
</parameterlist>
</para>        </detaileddescription>
        <inbodydescription>
        </inbodydescription>
        <location file="logica.c" line="264" column="1" bodyfile="logica.c" bodystart="264" bodyend="267"/>
      </memberdef>
      <memberdef kind="function" id="logica_8c_1a67b7009b60a816e08c957a4972e304e3" prot="public" static="no" const="no" explicit="no" inline="no" virt="non-virtual">
        <type>int</type>
        <definition>int calcula_dist</definition>
        <argsstring>(COORDENADA c, ESTADO *e)</argsstring>
        <name>calcula_dist</name>
        <param>
          <type><ref refid="structCOORDENADA" kindref="compound">COORDENADA</ref></type>
          <declname>c</declname>
        </param>
        <param>
          <type><ref refid="structESTADO" kindref="compound">ESTADO</ref> *</type>
          <declname>e</declname>
        </param>
        <briefdescription>
<para>Função que calcula a melhor distancia entre a casa que o jogador deve ir e a posição atual. </para>        </briefdescription>
        <detaileddescription>
<para><parameterlist kind="param"><parameteritem>
<parameternamelist>
<parametername>c</parametername>
</parameternamelist>
<parameterdescription>
<para>Coordenada atual </para></parameterdescription>
</parameteritem>
<parameteritem>
<parameternamelist>
<parametername>e</parametername>
</parameternamelist>
<parameterdescription>
<para>Estado atual </para></parameterdescription>
</parameteritem>
</parameterlist>
<simplesect kind="return"><para>retorna qual é a melhor distancia </para></simplesect>
</para>        </detaileddescription>
        <inbodydescription>
        </inbodydescription>
        <location file="logica.c" line="275" column="1" bodyfile="logica.c" bodystart="275" bodyend="284"/>
      </memberdef>
      <memberdef kind="function" id="logica_8c_1a6b75011b38de15d2c41c617e64bda8b8" prot="public" static="no" const="no" explicit="no" inline="no" virt="non-virtual">
        <type>int</type>
        <definition>int verifica_jog</definition>
        <argsstring>(ESTADO e, COORDENADA c)</argsstring>
        <name>verifica_jog</name>
        <param>
          <type><ref refid="structESTADO" kindref="compound">ESTADO</ref></type>
          <declname>e</declname>
        </param>
        <param>
          <type><ref refid="structCOORDENADA" kindref="compound">COORDENADA</ref></type>
          <declname>c</declname>
        </param>
        <briefdescription>
<para>Simula em cada coordenada atribuida,verificada as suas possibilidades par, retornando a quantidade de possibilidade de jogada que cada coordenada pode retornar. </para>        </briefdescription>
        <detaileddescription>
<para><parameterlist kind="param"><parameteritem>
<parameternamelist>
<parametername>e</parametername>
</parameternamelist>
<parameterdescription>
<para>Estado atual </para></parameterdescription>
</parameteritem>
<parameteritem>
<parameternamelist>
<parametername>c</parametername>
</parameternamelist>
<parameterdescription>
<para>Coordenada atual </para></parameterdescription>
</parameteritem>
</parameterlist>
<simplesect kind="return"><para>Retorna a quantidade de possiveis jogadas </para></simplesect>
</para>        </detaileddescription>
        <inbodydescription>
        </inbodydescription>
        <location file="logica.c" line="292" column="1" bodyfile="logica.c" bodystart="292" bodyend="310"/>
      </memberdef>
      <memberdef kind="function" id="logica_8c_1a71a5b4b8da90c565e46338dc181333c9" prot="public" static="no" const="no" explicit="no" inline="no" virt="non-virtual">
        <type><ref refid="structCOORDENADA" kindref="compound">COORDENADA</ref></type>
        <definition>COORDENADA area_par</definition>
        <argsstring>(ESTADO *e, LISTA *l)</argsstring>
        <name>area_par</name>
        <param>
          <type><ref refid="structESTADO" kindref="compound">ESTADO</ref> *</type>
          <declname>e</declname>
        </param>
        <param>
          <type><ref refid="structlista" kindref="compound">LISTA</ref> *</type>
          <declname>l</declname>
        </param>
        <briefdescription>
        </briefdescription>
        <detaileddescription>
<para>Verifica a área no qual cada possivel jogada possui <parameterlist kind="param"><parameteritem>
<parameternamelist>
<parametername>e</parametername>
</parameternamelist>
<parameterdescription>
<para>Estado atual </para></parameterdescription>
</parameteritem>
<parameteritem>
<parameternamelist>
<parametername>l</parametername>
</parameternamelist>
<parameterdescription>
<para>Lista ligada </para></parameterdescription>
</parameteritem>
</parameterlist>
<simplesect kind="return"><para>devolve a coordenada onde há área é par </para></simplesect>
</para>        </detaileddescription>
        <inbodydescription>
        </inbodydescription>
        <location file="logica.c" line="318" column="1" bodyfile="logica.c" bodystart="318" bodyend="338"/>
      </memberdef>
      <memberdef kind="function" id="logica_8c_1a5fe160d623564d36a22d8740f54132ca" prot="public" static="no" const="no" explicit="no" inline="no" virt="non-virtual">
        <type>void</type>
        <definition>void altera_bestdist</definition>
        <argsstring>(COORDENADA *melhor, COORDENADA coordAtual)</argsstring>
        <name>altera_bestdist</name>
        <param>
          <type><ref refid="structCOORDENADA" kindref="compound">COORDENADA</ref> *</type>
          <declname>melhor</declname>
        </param>
        <param>
          <type><ref refid="structCOORDENADA" kindref="compound">COORDENADA</ref></type>
          <declname>coordAtual</declname>
        </param>
        <briefdescription>
        </briefdescription>
        <detaileddescription>
<para>Função que modifica a coordenada, caso condição seja satisfeita <parameterlist kind="param"><parameteritem>
<parameternamelist>
<parametername>melhor</parametername>
</parameternamelist>
<parameterdescription>
<para>melhor coordenada até o momento </para></parameterdescription>
</parameteritem>
<parameteritem>
<parameternamelist>
<parametername>coordAtual</parametername>
</parameternamelist>
<parameterdescription>
<para>coordenada atual à ser analisada </para></parameterdescription>
</parameteritem>
</parameterlist>
</para>        </detaileddescription>
        <inbodydescription>
        </inbodydescription>
        <location file="logica.c" line="344" column="1" bodyfile="logica.c" bodystart="344" bodyend="348"/>
      </memberdef>
      <memberdef kind="function" id="logica_8c_1a32c4705f4b13cdfe98104e3d7fa6648e" prot="public" static="no" const="no" explicit="no" inline="no" virt="non-virtual">
        <type><ref refid="structCOORDENADA" kindref="compound">COORDENADA</ref></type>
        <definition>COORDENADA melhor_coord02</definition>
        <argsstring>(ESTADO e, LISTA *l)</argsstring>
        <name>melhor_coord02</name>
        <param>
          <type><ref refid="structESTADO" kindref="compound">ESTADO</ref></type>
          <declname>e</declname>
        </param>
        <param>
          <type><ref refid="structlista" kindref="compound">LISTA</ref> *</type>
          <declname>l</declname>
        </param>
        <briefdescription>
        </briefdescription>
        <detaileddescription>
<para>Função feita para procurar qual é a melhor coordenada possivel e aplica-la na lista ligada <parameterlist kind="param"><parameteritem>
<parameternamelist>
<parametername>e</parametername>
</parameternamelist>
<parameterdescription>
<para>Estado atual </para></parameterdescription>
</parameteritem>
<parameteritem>
<parameternamelist>
<parametername>l</parametername>
</parameternamelist>
<parameterdescription>
<para>Lista ligada </para></parameterdescription>
</parameteritem>
</parameterlist>
<simplesect kind="return"><para>procura a melhor coordenada </para></simplesect>
</para>        </detaileddescription>
        <inbodydescription>
        </inbodydescription>
        <location file="logica.c" line="356" column="1" bodyfile="logica.c" bodystart="356" bodyend="387"/>
      </memberdef>
      <memberdef kind="function" id="logica_8c_1aca9c18491a16e58aff047b500c3d9230" prot="public" static="no" const="no" explicit="no" inline="no" virt="non-virtual">
        <type>void</type>
        <definition>void jog01</definition>
        <argsstring>(ESTADO *e, LISTA *l)</argsstring>
        <name>jog01</name>
        <param>
          <type><ref refid="structESTADO" kindref="compound">ESTADO</ref> *</type>
          <declname>e</declname>
        </param>
        <param>
          <type><ref refid="structlista" kindref="compound">LISTA</ref> *</type>
          <declname>l</declname>
        </param>
        <briefdescription>
        </briefdescription>
        <detaileddescription>
<para>Função do bot 01, bot cujo estrategia Euclidiana <parameterlist kind="param"><parameteritem>
<parameternamelist>
<parametername>e</parametername>
</parameternamelist>
<parameterdescription>
<para>Estado atual </para></parameterdescription>
</parameteritem>
<parameteritem>
<parameternamelist>
<parametername>l</parametername>
</parameternamelist>
<parameterdescription>
<para>Lista ligada </para></parameterdescription>
</parameteritem>
</parameterlist>
</para>        </detaileddescription>
        <inbodydescription>
        </inbodydescription>
        <location file="logica.c" line="394" column="1" bodyfile="logica.c" bodystart="394" bodyend="399"/>
      </memberdef>
      <memberdef kind="function" id="logica_8c_1a4c5e3f648e2ba2e23fcbe5a36e79d18f" prot="public" static="no" const="no" explicit="no" inline="no" virt="non-virtual">
        <type>void</type>
        <definition>void jog02</definition>
        <argsstring>(ESTADO *e, LISTA *l)</argsstring>
        <name>jog02</name>
        <param>
          <type><ref refid="structESTADO" kindref="compound">ESTADO</ref> *</type>
          <declname>e</declname>
        </param>
        <param>
          <type><ref refid="structlista" kindref="compound">LISTA</ref> *</type>
          <declname>l</declname>
        </param>
        <briefdescription>
<para>Função do bot 02, bot cujo a estrategia de paridade + euclidiana. </para>        </briefdescription>
        <detaileddescription>
<para><parameterlist kind="param"><parameteritem>
<parameternamelist>
<parametername>e</parametername>
</parameternamelist>
<parameterdescription>
<para>Estado atual </para></parameterdescription>
</parameteritem>
<parameteritem>
<parameternamelist>
<parametername>l</parametername>
</parameternamelist>
<parameterdescription>
<para>Lista ligada </para></parameterdescription>
</parameteritem>
</parameterlist>
</para>        </detaileddescription>
        <inbodydescription>
        </inbodydescription>
        <location file="logica.c" line="408" column="1" bodyfile="logica.c" bodystart="408" bodyend="414"/>
      </memberdef>
      </sectiondef>
    <briefdescription>
    </briefdescription>
    <detaileddescription>
    </detaileddescription>
    <programlisting>
<codeline lineno="1"><highlight class="preprocessor">#include<sp/>&lt;stdio.h&gt;</highlight><highlight class="normal"></highlight></codeline>
<codeline lineno="2"><highlight class="normal"></highlight><highlight class="preprocessor">#include<sp/>&lt;stdlib.h&gt;</highlight><highlight class="normal"></highlight></codeline>
<codeline lineno="3"><highlight class="normal"></highlight><highlight class="preprocessor">#include<sp/>&lt;string.h&gt;</highlight><highlight class="normal"></highlight></codeline>
<codeline lineno="4"><highlight class="normal"></highlight><highlight class="preprocessor">#include<sp/>&quot;camadaDeDados.h&quot;</highlight><highlight class="normal"></highlight></codeline>
<codeline lineno="5"><highlight class="normal"></highlight><highlight class="preprocessor">#include<sp/>&quot;logica.h&quot;</highlight><highlight class="normal"></highlight></codeline>
<codeline lineno="6"><highlight class="normal"></highlight><highlight class="preprocessor">#include<sp/>&quot;lista.h&quot;</highlight></codeline>
<codeline lineno="13"><highlight class="keywordtype">void</highlight><highlight class="normal"><sp/>jogar(<ref refid="structESTADO" kindref="compound">ESTADO</ref><sp/>*e,<sp/><ref refid="structCOORDENADA" kindref="compound">COORDENADA</ref><sp/>c)<sp/>{</highlight></codeline>
<codeline lineno="14"><highlight class="normal"><sp/><sp/><sp/><sp/></highlight><highlight class="comment">//Busca<sp/>colocar<sp/>a<sp/>peça<sp/>branca<sp/>na<sp/>coordenada<sp/>especifica<sp/>buscando<sp/>está<sp/>informação<sp/>no<sp/>estado</highlight><highlight class="normal"></highlight></codeline>
<codeline lineno="15"><highlight class="normal"><sp/><sp/><sp/><sp/>e-&gt;<ref refid="structESTADO_1ab56f0f1be16954d3768b4174d14c087d" kindref="member">tab</ref>[c.<ref refid="structCOORDENADA_1aefe14bcc5a066ac3b21500cc3d28c06f" kindref="member">linha</ref>][c.<ref refid="structCOORDENADA_1acb526f8ae91ba6a2742ef1a9473fa2b4" kindref="member">letra</ref>]=</highlight><highlight class="charliteral">&apos;*&apos;</highlight><highlight class="normal">;</highlight></codeline>
<codeline lineno="16"><highlight class="normal"><sp/><sp/><sp/><sp/></highlight><highlight class="keywordtype">int</highlight><highlight class="normal"><sp/>i<sp/>=<sp/>e-&gt;<ref refid="structESTADO_1a4896a5c5c1f40b43fb795623327e3f47" kindref="member">ultima_jogada</ref>.<ref refid="structCOORDENADA_1aefe14bcc5a066ac3b21500cc3d28c06f" kindref="member">linha</ref>;</highlight></codeline>
<codeline lineno="17"><highlight class="normal"><sp/><sp/><sp/><sp/></highlight><highlight class="keywordtype">int</highlight><highlight class="normal"><sp/>j<sp/>=<sp/>e-&gt;<ref refid="structESTADO_1a4896a5c5c1f40b43fb795623327e3f47" kindref="member">ultima_jogada</ref>.<ref refid="structCOORDENADA_1acb526f8ae91ba6a2742ef1a9473fa2b4" kindref="member">letra</ref>;</highlight></codeline>
<codeline lineno="18"><highlight class="normal"><sp/><sp/><sp/><sp/>e-&gt;<ref refid="structESTADO_1ab56f0f1be16954d3768b4174d14c087d" kindref="member">tab</ref>[i][j]<sp/>=<sp/>PRETA;</highlight></codeline>
<codeline lineno="19"><highlight class="normal"><sp/><sp/><sp/><sp/>e-&gt;<ref refid="structESTADO_1ab56f0f1be16954d3768b4174d14c087d" kindref="member">tab</ref>[c.<ref refid="structCOORDENADA_1aefe14bcc5a066ac3b21500cc3d28c06f" kindref="member">linha</ref>][c.<ref refid="structCOORDENADA_1acb526f8ae91ba6a2742ef1a9473fa2b4" kindref="member">letra</ref>]<sp/>=<sp/>BRANCA;</highlight></codeline>
<codeline lineno="20"><highlight class="normal"><sp/><sp/><sp/><sp/>e-&gt;<ref refid="structESTADO_1a4896a5c5c1f40b43fb795623327e3f47" kindref="member">ultima_jogada</ref>.<ref refid="structCOORDENADA_1aefe14bcc5a066ac3b21500cc3d28c06f" kindref="member">linha</ref><sp/>=<sp/>c.<ref refid="structCOORDENADA_1aefe14bcc5a066ac3b21500cc3d28c06f" kindref="member">linha</ref>;</highlight></codeline>
<codeline lineno="21"><highlight class="normal"><sp/><sp/><sp/><sp/>e-&gt;<ref refid="structESTADO_1a4896a5c5c1f40b43fb795623327e3f47" kindref="member">ultima_jogada</ref>.<ref refid="structCOORDENADA_1acb526f8ae91ba6a2742ef1a9473fa2b4" kindref="member">letra</ref><sp/>=<sp/>c.<ref refid="structCOORDENADA_1acb526f8ae91ba6a2742ef1a9473fa2b4" kindref="member">letra</ref>;</highlight></codeline>
<codeline lineno="22"><highlight class="normal">}</highlight></codeline>
<codeline lineno="27"><highlight class="keywordtype">void</highlight><highlight class="normal"><sp/>prompt(<ref refid="structESTADO" kindref="compound">ESTADO</ref><sp/>*e){</highlight></codeline>
<codeline lineno="28"><highlight class="normal"><sp/><sp/><sp/><sp/>printf(</highlight><highlight class="stringliteral">&quot;#%02d<sp/>Jogador<sp/>%d<sp/>(%d)<sp/>-&gt;<sp/>&quot;</highlight><highlight class="normal">,<sp/>e-&gt;<ref refid="structESTADO_1a36e8d21ac156e82ce914ccdafc6796ea" kindref="member">count_mov</ref>,<sp/>e-&gt;<ref refid="structESTADO_1a5dd28e2e68b7aef2b6b7ea88e02eff58" kindref="member">jogador_atual</ref>,<sp/>e-&gt;<ref refid="structESTADO_1a261495728744647e618b4e623f5a4b7a" kindref="member">num_jogadas</ref>);</highlight></codeline>
<codeline lineno="29"><highlight class="normal">}</highlight></codeline>
<codeline lineno="34"><highlight class="keywordtype">void</highlight><highlight class="normal"><sp/>show_tab(FILE<sp/>*f,<sp/><ref refid="structESTADO" kindref="compound">ESTADO</ref><sp/>*e){</highlight></codeline>
<codeline lineno="35"><highlight class="normal"><sp/><sp/><sp/><sp/></highlight><highlight class="keywordtype">int</highlight><highlight class="normal"><sp/>i,<sp/>j;</highlight></codeline>
<codeline lineno="36"><highlight class="normal"><sp/><sp/><sp/><sp/></highlight><highlight class="keywordflow">for</highlight><highlight class="normal"><sp/>(i<sp/>=<sp/>0;<sp/>i<sp/>&lt;<sp/>8;<sp/>i++)<sp/>{</highlight></codeline>
<codeline lineno="37"><highlight class="normal"><sp/><sp/><sp/><sp/><sp/><sp/><sp/><sp/></highlight><highlight class="keywordflow">for</highlight><highlight class="normal"><sp/>(j<sp/>=<sp/>0;<sp/>j<sp/>&lt;<sp/>8;<sp/>j++){</highlight></codeline>
<codeline lineno="38"><highlight class="normal"><sp/><sp/><sp/><sp/><sp/><sp/><sp/><sp/><sp/><sp/><sp/><sp/>fprintf(f,</highlight><highlight class="stringliteral">&quot;%c&quot;</highlight><highlight class="normal">,e-&gt;<ref refid="structESTADO_1ab56f0f1be16954d3768b4174d14c087d" kindref="member">tab</ref>[i][j]);</highlight></codeline>
<codeline lineno="39"><highlight class="normal"><sp/><sp/><sp/><sp/><sp/><sp/><sp/><sp/>}<sp/>fprintf(f,</highlight><highlight class="stringliteral">&quot;\n&quot;</highlight><highlight class="normal">);}</highlight></codeline>
<codeline lineno="40"><highlight class="normal">}</highlight></codeline>
<codeline lineno="45"><highlight class="keywordtype">int</highlight><highlight class="normal"><sp/>max<sp/>(</highlight><highlight class="keywordtype">int</highlight><highlight class="normal"><sp/>x,<sp/></highlight><highlight class="keywordtype">int</highlight><highlight class="normal"><sp/>y)</highlight></codeline>
<codeline lineno="46"><highlight class="normal">{</highlight></codeline>
<codeline lineno="47"><highlight class="normal"><sp/><sp/><sp/><sp/></highlight><highlight class="keywordtype">int</highlight><highlight class="normal"><sp/>z;</highlight></codeline>
<codeline lineno="48"><highlight class="normal"><sp/><sp/><sp/><sp/>z<sp/>=<sp/>(x<sp/>&gt;=<sp/>y)<sp/>?<sp/><sp/>x<sp/>:<sp/>y;</highlight></codeline>
<codeline lineno="49"><highlight class="normal"><sp/><sp/><sp/><sp/></highlight><highlight class="keywordflow">return</highlight><highlight class="normal"><sp/>z;</highlight></codeline>
<codeline lineno="50"><highlight class="normal">}</highlight></codeline>
<codeline lineno="55"><highlight class="keywordtype">int</highlight><highlight class="normal"><sp/>min<sp/>(</highlight><highlight class="keywordtype">int</highlight><highlight class="normal"><sp/>x,<sp/></highlight><highlight class="keywordtype">int</highlight><highlight class="normal"><sp/>y)</highlight></codeline>
<codeline lineno="56"><highlight class="normal">{</highlight></codeline>
<codeline lineno="57"><highlight class="normal"><sp/><sp/><sp/><sp/></highlight><highlight class="keywordtype">int</highlight><highlight class="normal"><sp/>z;</highlight></codeline>
<codeline lineno="58"><highlight class="normal"><sp/><sp/><sp/><sp/>z<sp/>=<sp/>(x<sp/>&lt;=<sp/>y)<sp/>?<sp/>x<sp/>:<sp/>y;</highlight></codeline>
<codeline lineno="59"><highlight class="normal"><sp/><sp/><sp/><sp/></highlight><highlight class="keywordflow">return</highlight><highlight class="normal"><sp/>z;</highlight></codeline>
<codeline lineno="60"><highlight class="normal">}</highlight></codeline>
<codeline lineno="67"><highlight class="keywordtype">void</highlight><highlight class="normal"><sp/>insere_lista(<ref refid="structlista" kindref="compound">LISTA</ref><sp/>*a,<sp/><ref refid="structESTADO" kindref="compound">ESTADO</ref><sp/>*e)<sp/>{</highlight></codeline>
<codeline lineno="68"><highlight class="normal"><sp/><sp/><sp/><sp/></highlight><highlight class="keywordtype">int</highlight><highlight class="normal"><sp/>max,<sp/>i;</highlight></codeline>
<codeline lineno="69"><highlight class="normal"><sp/><sp/><sp/><sp/>max<sp/>=<sp/>e-&gt;<ref refid="structESTADO_1ae0aaae1dc17799598305cd40a3ca2ba8" kindref="member">qntjogs</ref>;</highlight></codeline>
<codeline lineno="70"><highlight class="normal"><sp/><sp/><sp/><sp/></highlight><highlight class="keywordflow">for</highlight><highlight class="normal"><sp/>(i<sp/>=<sp/>0;<sp/>i<sp/>&lt;<sp/>max;<sp/>i++)<sp/>{</highlight></codeline>
<codeline lineno="71"><highlight class="normal"><sp/><sp/><sp/><sp/><sp/><sp/><sp/><sp/>insere_cabeca(a,<sp/>&amp;(e-&gt;<ref refid="structESTADO_1ab9b11998a54bde459f72cbbc32e79b0b" kindref="member">possiveis_jog</ref>[i]));</highlight></codeline>
<codeline lineno="72"><highlight class="normal"><sp/><sp/><sp/><sp/>}</highlight></codeline>
<codeline lineno="73"><highlight class="normal">}</highlight></codeline>
<codeline lineno="81"><highlight class="keywordtype">int</highlight><highlight class="normal"><sp/>possiveis_jogadas(<ref refid="structESTADO" kindref="compound">ESTADO</ref><sp/>*e,<sp/><ref refid="structlista" kindref="compound">LISTA</ref><sp/>*d)</highlight></codeline>
<codeline lineno="82"><highlight class="normal">{</highlight></codeline>
<codeline lineno="83"><highlight class="normal"><sp/><sp/><sp/><sp/><ref refid="structCOORDENADA" kindref="compound">COORDENADA</ref><sp/>pcoord;</highlight></codeline>
<codeline lineno="84"><highlight class="normal"><sp/><sp/><sp/><sp/></highlight><highlight class="keywordtype">int</highlight><highlight class="normal"><sp/>count<sp/>=<sp/>0,<sp/>i,<sp/>j,minlin,minlet;</highlight></codeline>
<codeline lineno="85"><highlight class="normal"><sp/><sp/><sp/><sp/>minlin<sp/>=<sp/>min((e-&gt;<ref refid="structESTADO_1a4896a5c5c1f40b43fb795623327e3f47" kindref="member">ultima_jogada</ref>.<ref refid="structCOORDENADA_1aefe14bcc5a066ac3b21500cc3d28c06f" kindref="member">linha</ref><sp/>+<sp/>1),<sp/>7);</highlight></codeline>
<codeline lineno="86"><highlight class="normal"><sp/><sp/><sp/><sp/>minlet<sp/>=<sp/>min((e-&gt;<ref refid="structESTADO_1a4896a5c5c1f40b43fb795623327e3f47" kindref="member">ultima_jogada</ref>.<ref refid="structCOORDENADA_1acb526f8ae91ba6a2742ef1a9473fa2b4" kindref="member">letra</ref><sp/>+<sp/>1),<sp/>7);</highlight></codeline>
<codeline lineno="87"><highlight class="normal"><sp/><sp/><sp/><sp/>i<sp/>=<sp/>max((e-&gt;<ref refid="structESTADO_1a4896a5c5c1f40b43fb795623327e3f47" kindref="member">ultima_jogada</ref>.<ref refid="structCOORDENADA_1aefe14bcc5a066ac3b21500cc3d28c06f" kindref="member">linha</ref><sp/>-<sp/>1),<sp/>0);</highlight></codeline>
<codeline lineno="88"><highlight class="normal"><sp/><sp/><sp/><sp/>j<sp/>=<sp/>max((e-&gt;<ref refid="structESTADO_1a4896a5c5c1f40b43fb795623327e3f47" kindref="member">ultima_jogada</ref>.<ref refid="structCOORDENADA_1acb526f8ae91ba6a2742ef1a9473fa2b4" kindref="member">letra</ref><sp/>-<sp/>1),<sp/>0);</highlight></codeline>
<codeline lineno="89"><highlight class="normal"><sp/><sp/><sp/><sp/></highlight><highlight class="keywordflow">while</highlight><highlight class="normal"><sp/>(i<sp/>&lt;=<sp/>minlin)</highlight></codeline>
<codeline lineno="90"><highlight class="normal"><sp/><sp/><sp/><sp/>{</highlight></codeline>
<codeline lineno="91"><highlight class="normal"><sp/><sp/><sp/><sp/><sp/><sp/><sp/><sp/></highlight><highlight class="keywordflow">while</highlight><highlight class="normal">(<sp/>j<sp/>&lt;=<sp/>minlet)</highlight></codeline>
<codeline lineno="92"><highlight class="normal"><sp/><sp/><sp/><sp/><sp/><sp/><sp/><sp/>{</highlight></codeline>
<codeline lineno="93"><highlight class="normal"><sp/><sp/><sp/><sp/><sp/><sp/><sp/><sp/><sp/><sp/><sp/><sp/></highlight><highlight class="keywordflow">if</highlight><highlight class="normal"><sp/>(e-&gt;<ref refid="structESTADO_1ab56f0f1be16954d3768b4174d14c087d" kindref="member">tab</ref>[i][j]<sp/>==<sp/>VAZIA<sp/>||<sp/>e-&gt;<ref refid="structESTADO_1ab56f0f1be16954d3768b4174d14c087d" kindref="member">tab</ref>[i][j]<sp/>==<sp/>UM<sp/>||<sp/>e-&gt;<ref refid="structESTADO_1ab56f0f1be16954d3768b4174d14c087d" kindref="member">tab</ref>[i][j]==<sp/>DOIS)<sp/>{</highlight></codeline>
<codeline lineno="94"><highlight class="normal"><sp/><sp/><sp/><sp/><sp/><sp/><sp/><sp/><sp/><sp/><sp/><sp/><sp/><sp/><sp/><sp/>pcoord.<ref refid="structCOORDENADA_1aefe14bcc5a066ac3b21500cc3d28c06f" kindref="member">linha</ref><sp/>=<sp/>i;</highlight></codeline>
<codeline lineno="95"><highlight class="normal"><sp/><sp/><sp/><sp/><sp/><sp/><sp/><sp/><sp/><sp/><sp/><sp/><sp/><sp/><sp/><sp/>pcoord.<ref refid="structCOORDENADA_1acb526f8ae91ba6a2742ef1a9473fa2b4" kindref="member">letra</ref><sp/>=<sp/>j;</highlight></codeline>
<codeline lineno="96"><highlight class="normal"><sp/><sp/><sp/><sp/><sp/><sp/><sp/><sp/><sp/><sp/><sp/><sp/><sp/><sp/><sp/><sp/>e-&gt;<ref refid="structESTADO_1ab9b11998a54bde459f72cbbc32e79b0b" kindref="member">possiveis_jog</ref>[count]<sp/>=<sp/>pcoord;</highlight></codeline>
<codeline lineno="97"><highlight class="normal"></highlight></codeline>
<codeline lineno="98"><highlight class="normal"><sp/><sp/><sp/><sp/><sp/><sp/><sp/><sp/><sp/><sp/><sp/><sp/><sp/><sp/><sp/><sp/>count++;</highlight></codeline>
<codeline lineno="99"><highlight class="normal"><sp/><sp/><sp/><sp/><sp/><sp/><sp/><sp/><sp/><sp/><sp/><sp/>}</highlight></codeline>
<codeline lineno="100"><highlight class="normal"><sp/><sp/><sp/><sp/><sp/><sp/><sp/><sp/><sp/><sp/><sp/><sp/>j++;</highlight></codeline>
<codeline lineno="101"><highlight class="normal"><sp/><sp/><sp/><sp/><sp/><sp/><sp/><sp/>}</highlight></codeline>
<codeline lineno="102"><highlight class="normal"><sp/><sp/><sp/><sp/><sp/><sp/><sp/><sp/>i++;</highlight></codeline>
<codeline lineno="103"><highlight class="normal"><sp/><sp/><sp/><sp/><sp/><sp/><sp/><sp/>j<sp/>=<sp/>max((e-&gt;<ref refid="structESTADO_1a4896a5c5c1f40b43fb795623327e3f47" kindref="member">ultima_jogada</ref>.<ref refid="structCOORDENADA_1acb526f8ae91ba6a2742ef1a9473fa2b4" kindref="member">letra</ref><sp/>-<sp/>1),<sp/>0);</highlight></codeline>
<codeline lineno="104"><highlight class="normal"><sp/><sp/><sp/><sp/>}</highlight></codeline>
<codeline lineno="105"><highlight class="normal"><sp/><sp/><sp/><sp/>e-&gt;<ref refid="structESTADO_1ae0aaae1dc17799598305cd40a3ca2ba8" kindref="member">qntjogs</ref><sp/>=<sp/>count;</highlight></codeline>
<codeline lineno="106"><highlight class="normal"><sp/><sp/><sp/><sp/>insere_lista(d,e);</highlight></codeline>
<codeline lineno="107"><highlight class="normal"><sp/><sp/><sp/><sp/>printf(</highlight><highlight class="stringliteral">&quot;\n&quot;</highlight><highlight class="normal">);</highlight></codeline>
<codeline lineno="108"><highlight class="normal"><sp/><sp/><sp/><sp/></highlight><highlight class="keywordflow">return</highlight><highlight class="normal"><sp/>count;</highlight></codeline>
<codeline lineno="109"><highlight class="normal">}</highlight></codeline>
<codeline lineno="115"><highlight class="keywordtype">int</highlight><highlight class="normal"><sp/>casa_viz(<ref refid="structCOORDENADA" kindref="compound">COORDENADA</ref><sp/>cAntes,<sp/><ref refid="structCOORDENADA" kindref="compound">COORDENADA</ref><sp/>cJog)</highlight></codeline>
<codeline lineno="116"><highlight class="normal">{</highlight></codeline>
<codeline lineno="117"><highlight class="normal"><sp/><sp/><sp/><sp/></highlight><highlight class="keywordtype">int</highlight><highlight class="normal"><sp/>x,<sp/>y;</highlight></codeline>
<codeline lineno="118"><highlight class="normal"></highlight></codeline>
<codeline lineno="119"><highlight class="normal"><sp/><sp/><sp/><sp/>x<sp/>=<sp/>abs(cAntes.<ref refid="structCOORDENADA_1aefe14bcc5a066ac3b21500cc3d28c06f" kindref="member">linha</ref><sp/>-<sp/>cJog.<ref refid="structCOORDENADA_1aefe14bcc5a066ac3b21500cc3d28c06f" kindref="member">linha</ref>);</highlight></codeline>
<codeline lineno="120"><highlight class="normal"><sp/><sp/><sp/><sp/>y<sp/>=<sp/>abs(cAntes.<ref refid="structCOORDENADA_1acb526f8ae91ba6a2742ef1a9473fa2b4" kindref="member">letra</ref><sp/>-<sp/>cJog.<ref refid="structCOORDENADA_1acb526f8ae91ba6a2742ef1a9473fa2b4" kindref="member">letra</ref>);</highlight></codeline>
<codeline lineno="121"><highlight class="normal"><sp/><sp/><sp/><sp/></highlight><highlight class="keywordflow">if</highlight><highlight class="normal"><sp/>((x==1<sp/>&amp;&amp;<sp/>(y==1||y==0))<sp/>||<sp/>(y==1<sp/>&amp;&amp;<sp/>(x==1||x==0)))</highlight></codeline>
<codeline lineno="122"><highlight class="normal"><sp/><sp/><sp/><sp/><sp/><sp/><sp/><sp/></highlight><highlight class="keywordflow">return</highlight><highlight class="normal"><sp/>1;</highlight></codeline>
<codeline lineno="123"><highlight class="normal"><sp/><sp/><sp/><sp/></highlight><highlight class="keywordflow">else</highlight><highlight class="normal"><sp/></highlight><highlight class="keywordflow">return</highlight><highlight class="normal"><sp/>0;</highlight></codeline>
<codeline lineno="124"><highlight class="normal">}</highlight></codeline>
<codeline lineno="131"><highlight class="keywordtype">int</highlight><highlight class="normal"><sp/>casa_livre(<ref refid="structESTADO" kindref="compound">ESTADO</ref><sp/>*e,<sp/><ref refid="structCOORDENADA" kindref="compound">COORDENADA</ref><sp/>c)</highlight></codeline>
<codeline lineno="132"><highlight class="normal">{</highlight></codeline>
<codeline lineno="133"><highlight class="normal"><sp/><sp/><sp/><sp/></highlight><highlight class="keywordflow">if</highlight><highlight class="normal"><sp/>(e-&gt;<ref refid="structESTADO_1ab56f0f1be16954d3768b4174d14c087d" kindref="member">tab</ref>[c.<ref refid="structCOORDENADA_1aefe14bcc5a066ac3b21500cc3d28c06f" kindref="member">linha</ref>][c.<ref refid="structCOORDENADA_1acb526f8ae91ba6a2742ef1a9473fa2b4" kindref="member">letra</ref>]<sp/>!=<sp/>PRETA<sp/>&amp;&amp;<sp/>e-&gt;<ref refid="structESTADO_1ab56f0f1be16954d3768b4174d14c087d" kindref="member">tab</ref>[c.<ref refid="structCOORDENADA_1aefe14bcc5a066ac3b21500cc3d28c06f" kindref="member">linha</ref>][c.<ref refid="structCOORDENADA_1acb526f8ae91ba6a2742ef1a9473fa2b4" kindref="member">letra</ref>]<sp/>!=<sp/>BRANCA)</highlight></codeline>
<codeline lineno="134"><highlight class="normal"><sp/><sp/><sp/><sp/><sp/><sp/><sp/><sp/></highlight><highlight class="keywordflow">return</highlight><highlight class="normal"><sp/>1;</highlight></codeline>
<codeline lineno="135"><highlight class="normal"><sp/><sp/><sp/><sp/></highlight><highlight class="keywordflow">else</highlight><highlight class="normal"><sp/></highlight><highlight class="keywordflow">return</highlight><highlight class="normal"><sp/>0;</highlight></codeline>
<codeline lineno="136"><highlight class="normal">}</highlight></codeline>
<codeline lineno="142"><highlight class="keywordtype">void</highlight><highlight class="normal"><sp/>parabens(</highlight><highlight class="keywordtype">int</highlight><highlight class="normal"><sp/>jogador)</highlight></codeline>
<codeline lineno="143"><highlight class="normal">{</highlight></codeline>
<codeline lineno="144"><highlight class="normal"><sp/><sp/><sp/><sp/>printf(</highlight><highlight class="stringliteral">&quot;\nParabéns<sp/>Jogador<sp/>%d!!<sp/>Você<sp/>venceu!!\n&quot;</highlight><highlight class="normal">,<sp/>jogador);</highlight></codeline>
<codeline lineno="145"><highlight class="normal">}</highlight></codeline>
<codeline lineno="152"><highlight class="keywordtype">void</highlight><highlight class="normal"><sp/>movs(<ref refid="structESTADO" kindref="compound">ESTADO</ref><sp/>*e,<sp/><ref refid="structCOORDENADA" kindref="compound">COORDENADA</ref><sp/>c)</highlight></codeline>
<codeline lineno="153"><highlight class="normal">{</highlight></codeline>
<codeline lineno="154"><highlight class="normal"><sp/><sp/><sp/><sp/></highlight><highlight class="keywordflow">if</highlight><highlight class="normal"><sp/>(e-&gt;<ref refid="structESTADO_1a5dd28e2e68b7aef2b6b7ea88e02eff58" kindref="member">jogador_atual</ref><sp/>==<sp/>1)</highlight></codeline>
<codeline lineno="155"><highlight class="normal"><sp/><sp/><sp/><sp/>{</highlight></codeline>
<codeline lineno="156"><highlight class="normal"><sp/><sp/><sp/><sp/><sp/><sp/><sp/><sp/>e-&gt;<ref refid="structESTADO_1afae43b87a488fad0f2b56a18bad31d18" kindref="member">jogadas</ref>[e-&gt;<ref refid="structESTADO_1a261495728744647e618b4e623f5a4b7a" kindref="member">num_jogadas</ref>-1].jogador1.letrinha<sp/>=<sp/>c.<ref refid="structCOORDENADA_1ac00ff2e615b371a3d87fbb05449cde99" kindref="member">letrinha</ref>;</highlight></codeline>
<codeline lineno="157"><highlight class="normal"><sp/><sp/><sp/><sp/><sp/><sp/><sp/><sp/>e-&gt;<ref refid="structESTADO_1afae43b87a488fad0f2b56a18bad31d18" kindref="member">jogadas</ref>[e-&gt;<ref refid="structESTADO_1a261495728744647e618b4e623f5a4b7a" kindref="member">num_jogadas</ref>-1].jogador1.letra<sp/>=<sp/>c.<ref refid="structCOORDENADA_1acb526f8ae91ba6a2742ef1a9473fa2b4" kindref="member">letra</ref>;</highlight></codeline>
<codeline lineno="158"><highlight class="normal"><sp/><sp/><sp/><sp/><sp/><sp/><sp/><sp/>e-&gt;<ref refid="structESTADO_1afae43b87a488fad0f2b56a18bad31d18" kindref="member">jogadas</ref>[e-&gt;<ref refid="structESTADO_1a261495728744647e618b4e623f5a4b7a" kindref="member">num_jogadas</ref>-1].jogador1.linha<sp/>=<sp/>c.<ref refid="structCOORDENADA_1aefe14bcc5a066ac3b21500cc3d28c06f" kindref="member">linha</ref>;</highlight></codeline>
<codeline lineno="159"><highlight class="normal"><sp/><sp/><sp/><sp/>}</highlight></codeline>
<codeline lineno="160"><highlight class="normal"><sp/><sp/><sp/><sp/></highlight><highlight class="keywordflow">if</highlight><highlight class="normal"><sp/>(e-&gt;<ref refid="structESTADO_1a5dd28e2e68b7aef2b6b7ea88e02eff58" kindref="member">jogador_atual</ref><sp/>==<sp/>2)</highlight></codeline>
<codeline lineno="161"><highlight class="normal"><sp/><sp/><sp/><sp/>{</highlight></codeline>
<codeline lineno="162"><highlight class="normal"><sp/><sp/><sp/><sp/><sp/><sp/><sp/><sp/>e-&gt;<ref refid="structESTADO_1afae43b87a488fad0f2b56a18bad31d18" kindref="member">jogadas</ref>[e-&gt;<ref refid="structESTADO_1a261495728744647e618b4e623f5a4b7a" kindref="member">num_jogadas</ref>-1].jogador2.letrinha<sp/>=<sp/>c.<ref refid="structCOORDENADA_1ac00ff2e615b371a3d87fbb05449cde99" kindref="member">letrinha</ref>;</highlight></codeline>
<codeline lineno="163"><highlight class="normal"><sp/><sp/><sp/><sp/><sp/><sp/><sp/><sp/>e-&gt;<ref refid="structESTADO_1afae43b87a488fad0f2b56a18bad31d18" kindref="member">jogadas</ref>[e-&gt;<ref refid="structESTADO_1a261495728744647e618b4e623f5a4b7a" kindref="member">num_jogadas</ref>-1].jogador2.letra<sp/>=<sp/>c.<ref refid="structCOORDENADA_1acb526f8ae91ba6a2742ef1a9473fa2b4" kindref="member">letra</ref>;</highlight></codeline>
<codeline lineno="164"><highlight class="normal"><sp/><sp/><sp/><sp/><sp/><sp/><sp/><sp/>e-&gt;<ref refid="structESTADO_1afae43b87a488fad0f2b56a18bad31d18" kindref="member">jogadas</ref>[e-&gt;<ref refid="structESTADO_1a261495728744647e618b4e623f5a4b7a" kindref="member">num_jogadas</ref>-1].jogador2.linha<sp/>=<sp/><sp/>c.<ref refid="structCOORDENADA_1aefe14bcc5a066ac3b21500cc3d28c06f" kindref="member">linha</ref>;</highlight></codeline>
<codeline lineno="165"><highlight class="normal"><sp/><sp/><sp/><sp/>}</highlight></codeline>
<codeline lineno="166"><highlight class="normal">}</highlight></codeline>
<codeline lineno="172"><highlight class="keywordtype">void</highlight><highlight class="normal"><sp/>aux_mov(<ref refid="structESTADO" kindref="compound">ESTADO</ref><sp/>*e){</highlight></codeline>
<codeline lineno="173"><highlight class="normal"><sp/><sp/><sp/><sp/></highlight><highlight class="keywordtype">int</highlight><highlight class="normal"><sp/>movi<sp/>=<sp/>1,<sp/>jogs<sp/>=<sp/>1,<sp/>numjog<sp/>=<sp/>1,<sp/>allmovs;</highlight></codeline>
<codeline lineno="174"><highlight class="normal"><sp/><sp/><sp/><sp/>allmovs<sp/>=<sp/>e-&gt;<ref refid="structESTADO_1a49b04d6940f820509146c9162ac10542" kindref="member">count_movs</ref>;</highlight></codeline>
<codeline lineno="175"><highlight class="normal"><sp/><sp/><sp/><sp/></highlight><highlight class="keywordflow">while</highlight><highlight class="normal">(movi<sp/>&lt;<sp/>allmovs){</highlight></codeline>
<codeline lineno="176"><highlight class="normal"><sp/><sp/><sp/><sp/><sp/><sp/><sp/><sp/></highlight><highlight class="keywordflow">if</highlight><highlight class="normal"><sp/>(jogs<sp/>&gt;<sp/>2){</highlight></codeline>
<codeline lineno="177"><highlight class="normal"><sp/><sp/><sp/><sp/><sp/><sp/><sp/><sp/><sp/><sp/><sp/><sp/>numjog++;</highlight></codeline>
<codeline lineno="178"><highlight class="normal"><sp/><sp/><sp/><sp/><sp/><sp/><sp/><sp/><sp/><sp/><sp/><sp/>jogs<sp/>=<sp/>1;</highlight></codeline>
<codeline lineno="179"><highlight class="normal"><sp/><sp/><sp/><sp/><sp/><sp/><sp/><sp/>}</highlight></codeline>
<codeline lineno="180"><highlight class="normal"><sp/><sp/><sp/><sp/><sp/><sp/><sp/><sp/></highlight><highlight class="keywordflow">if</highlight><highlight class="normal"><sp/>(movi<sp/>%<sp/>2<sp/>==<sp/>0){</highlight></codeline>
<codeline lineno="181"><highlight class="normal"><sp/><sp/><sp/><sp/><sp/><sp/><sp/><sp/><sp/><sp/><sp/><sp/>printf(<sp/></highlight><highlight class="stringliteral">&quot;%c%d\n&quot;</highlight><highlight class="normal">,e-&gt;<ref refid="structESTADO_1afae43b87a488fad0f2b56a18bad31d18" kindref="member">jogadas</ref>[(numjog-1)].jogador2.letrinha,8<sp/>-<sp/>e-&gt;<ref refid="structESTADO_1afae43b87a488fad0f2b56a18bad31d18" kindref="member">jogadas</ref>[(numjog-1)].jogador2.linha);</highlight></codeline>
<codeline lineno="182"><highlight class="normal"><sp/><sp/><sp/><sp/><sp/><sp/><sp/><sp/>}</highlight></codeline>
<codeline lineno="183"><highlight class="normal"><sp/><sp/><sp/><sp/><sp/><sp/><sp/><sp/></highlight><highlight class="keywordflow">else</highlight><highlight class="normal"><sp/>{</highlight></codeline>
<codeline lineno="184"><highlight class="normal"><sp/><sp/><sp/><sp/><sp/><sp/><sp/><sp/><sp/><sp/><sp/><sp/>printf(</highlight><highlight class="stringliteral">&quot;%02d:<sp/>%c%d<sp/>&quot;</highlight><highlight class="normal">,numjog,e-&gt;<ref refid="structESTADO_1afae43b87a488fad0f2b56a18bad31d18" kindref="member">jogadas</ref>[(numjog-1)].jogador1.letrinha,8<sp/>-<sp/>e-&gt;<ref refid="structESTADO_1afae43b87a488fad0f2b56a18bad31d18" kindref="member">jogadas</ref>[(numjog-1)].jogador1.linha);</highlight></codeline>
<codeline lineno="185"><highlight class="normal"><sp/><sp/><sp/><sp/><sp/><sp/><sp/><sp/>}</highlight></codeline>
<codeline lineno="186"><highlight class="normal"><sp/><sp/><sp/><sp/><sp/><sp/><sp/><sp/>movi++;</highlight></codeline>
<codeline lineno="187"><highlight class="normal"><sp/><sp/><sp/><sp/><sp/><sp/><sp/><sp/>jogs++;</highlight></codeline>
<codeline lineno="188"><highlight class="normal"><sp/><sp/><sp/><sp/>}</highlight></codeline>
<codeline lineno="189"><highlight class="normal"><sp/><sp/><sp/><sp/>putchar(</highlight><highlight class="charliteral">&apos;\n&apos;</highlight><highlight class="normal">);</highlight></codeline>
<codeline lineno="190"><highlight class="normal">}</highlight></codeline>
<codeline lineno="197"><highlight class="keywordtype">void</highlight><highlight class="normal"><sp/>aux_movf(<ref refid="structESTADO" kindref="compound">ESTADO</ref><sp/>*e,FILE<sp/>*f){</highlight></codeline>
<codeline lineno="198"><highlight class="normal"><sp/><sp/><sp/><sp/></highlight><highlight class="keywordtype">int</highlight><highlight class="normal"><sp/>movi<sp/>=<sp/>1,<sp/>jogs<sp/>=<sp/>1,<sp/>numjog<sp/>=<sp/>1,allmovs;</highlight></codeline>
<codeline lineno="199"><highlight class="normal"><sp/><sp/><sp/><sp/>allmovs<sp/>=<sp/>e-&gt;<ref refid="structESTADO_1a49b04d6940f820509146c9162ac10542" kindref="member">count_movs</ref>;</highlight></codeline>
<codeline lineno="200"><highlight class="normal"><sp/><sp/><sp/><sp/></highlight><highlight class="keywordflow">while</highlight><highlight class="normal">(movi<sp/>&lt;<sp/>allmovs){</highlight></codeline>
<codeline lineno="201"><highlight class="normal"><sp/><sp/><sp/><sp/><sp/><sp/><sp/><sp/></highlight><highlight class="keywordflow">if</highlight><highlight class="normal"><sp/>(jogs<sp/>&gt;<sp/>2){</highlight></codeline>
<codeline lineno="202"><highlight class="normal"><sp/><sp/><sp/><sp/><sp/><sp/><sp/><sp/><sp/><sp/><sp/><sp/>numjog++;</highlight></codeline>
<codeline lineno="203"><highlight class="normal"><sp/><sp/><sp/><sp/><sp/><sp/><sp/><sp/><sp/><sp/><sp/><sp/>jogs<sp/>=<sp/>1;</highlight></codeline>
<codeline lineno="204"><highlight class="normal"><sp/><sp/><sp/><sp/><sp/><sp/><sp/><sp/>}</highlight></codeline>
<codeline lineno="205"><highlight class="normal"><sp/><sp/><sp/><sp/><sp/><sp/><sp/><sp/></highlight><highlight class="keywordflow">if</highlight><highlight class="normal"><sp/>(movi<sp/>%<sp/>2<sp/>==<sp/>0){</highlight></codeline>
<codeline lineno="206"><highlight class="normal"><sp/><sp/><sp/><sp/><sp/><sp/><sp/><sp/><sp/><sp/><sp/><sp/>fprintf(f,</highlight><highlight class="stringliteral">&quot;%c%d\n&quot;</highlight><highlight class="normal">,e-&gt;<ref refid="structESTADO_1afae43b87a488fad0f2b56a18bad31d18" kindref="member">jogadas</ref>[(numjog-1)].jogador2.letrinha,8<sp/>-<sp/>e-&gt;<ref refid="structESTADO_1afae43b87a488fad0f2b56a18bad31d18" kindref="member">jogadas</ref>[(numjog-1)].jogador2.linha);</highlight></codeline>
<codeline lineno="207"><highlight class="normal"><sp/><sp/><sp/><sp/><sp/><sp/><sp/><sp/>}</highlight></codeline>
<codeline lineno="208"><highlight class="normal"><sp/><sp/><sp/><sp/><sp/><sp/><sp/><sp/></highlight><highlight class="keywordflow">else</highlight><highlight class="normal"><sp/>{</highlight></codeline>
<codeline lineno="209"><highlight class="normal"><sp/><sp/><sp/><sp/><sp/><sp/><sp/><sp/><sp/><sp/><sp/><sp/>fprintf(f,</highlight><highlight class="stringliteral">&quot;%02d:<sp/>%c%d<sp/>&quot;</highlight><highlight class="normal">,numjog,e-&gt;<ref refid="structESTADO_1afae43b87a488fad0f2b56a18bad31d18" kindref="member">jogadas</ref>[(numjog-1)].jogador1.letrinha,8<sp/>-<sp/>e-&gt;<ref refid="structESTADO_1afae43b87a488fad0f2b56a18bad31d18" kindref="member">jogadas</ref>[(numjog-1)].jogador1.linha);</highlight></codeline>
<codeline lineno="210"><highlight class="normal"><sp/><sp/><sp/><sp/><sp/><sp/><sp/><sp/>}</highlight></codeline>
<codeline lineno="211"><highlight class="normal"><sp/><sp/><sp/><sp/><sp/><sp/><sp/><sp/>movi++;</highlight></codeline>
<codeline lineno="212"><highlight class="normal"><sp/><sp/><sp/><sp/><sp/><sp/><sp/><sp/>jogs++;</highlight></codeline>
<codeline lineno="213"><highlight class="normal"><sp/><sp/><sp/><sp/>}</highlight></codeline>
<codeline lineno="214"><highlight class="normal"><sp/><sp/><sp/><sp/>putchar(</highlight><highlight class="charliteral">&apos;\n&apos;</highlight><highlight class="normal">);</highlight></codeline>
<codeline lineno="215"><highlight class="normal">}</highlight></codeline>
<codeline lineno="222"><highlight class="keywordtype">void</highlight><highlight class="normal"><sp/>posf<sp/>(<ref refid="structESTADO" kindref="compound">ESTADO</ref><sp/>*e,<sp/></highlight><highlight class="keywordtype">int</highlight><highlight class="normal"><sp/>x)<sp/>{</highlight></codeline>
<codeline lineno="223"><highlight class="normal"><sp/><sp/><sp/><sp/></highlight><highlight class="keywordtype">int</highlight><highlight class="normal"><sp/>i;</highlight></codeline>
<codeline lineno="224"><highlight class="normal"><sp/><sp/><sp/><sp/>tabuleiro_inicial(e);</highlight></codeline>
<codeline lineno="225"><highlight class="normal"><sp/><sp/><sp/><sp/>iniciar_estado(e);</highlight></codeline>
<codeline lineno="226"><highlight class="normal"><sp/><sp/><sp/><sp/></highlight><highlight class="keywordflow">for</highlight><highlight class="normal"><sp/>(i<sp/>=<sp/>1;<sp/>i<sp/>&lt;=<sp/>x;<sp/>i++)<sp/>{</highlight></codeline>
<codeline lineno="227"><highlight class="normal"><sp/><sp/><sp/><sp/><sp/><sp/><sp/><sp/>troca_jog(e);</highlight></codeline>
<codeline lineno="228"><highlight class="normal"><sp/><sp/><sp/><sp/><sp/><sp/><sp/><sp/>jogar(e,<sp/>e-&gt;<ref refid="structESTADO_1afae43b87a488fad0f2b56a18bad31d18" kindref="member">jogadas</ref>[i<sp/>-<sp/>1].jogador1);</highlight></codeline>
<codeline lineno="229"><highlight class="normal"><sp/><sp/><sp/><sp/><sp/><sp/><sp/><sp/>mudar_estado(e);</highlight></codeline>
<codeline lineno="230"><highlight class="normal"><sp/><sp/><sp/><sp/><sp/><sp/><sp/><sp/>troca_jog(e);</highlight></codeline>
<codeline lineno="231"><highlight class="normal"><sp/><sp/><sp/><sp/><sp/><sp/><sp/><sp/>jogar(e,<sp/>e-&gt;<ref refid="structESTADO_1afae43b87a488fad0f2b56a18bad31d18" kindref="member">jogadas</ref>[i<sp/>-<sp/>1].jogador2);</highlight></codeline>
<codeline lineno="232"><highlight class="normal"><sp/><sp/><sp/><sp/><sp/><sp/><sp/><sp/>mudar_estado(e);</highlight></codeline>
<codeline lineno="233"><highlight class="normal"><sp/><sp/><sp/><sp/>}</highlight></codeline>
<codeline lineno="234"><highlight class="normal">}</highlight></codeline>
<codeline lineno="240"><highlight class="keywordtype">void</highlight><highlight class="normal"><sp/>troca_jog(<ref refid="structESTADO" kindref="compound">ESTADO</ref><sp/>*e){</highlight></codeline>
<codeline lineno="241"><highlight class="normal"><sp/><sp/><sp/><sp/>e-&gt;<ref refid="structESTADO_1a5dd28e2e68b7aef2b6b7ea88e02eff58" kindref="member">jogador_atual</ref><sp/>=<sp/>((e-&gt;<ref refid="structESTADO_1a49b04d6940f820509146c9162ac10542" kindref="member">count_movs</ref>)<sp/>%<sp/>2<sp/>==<sp/>0)<sp/>?<sp/>2<sp/>:<sp/>1;</highlight></codeline>
<codeline lineno="242"><highlight class="normal"></highlight></codeline>
<codeline lineno="243"><highlight class="normal"><sp/><sp/><sp/><sp/></highlight><highlight class="keywordflow">if</highlight><highlight class="normal"><sp/>((e-&gt;<ref refid="structESTADO_1a5632721fdfcc6c98f084c91aef5b6e25" kindref="member">count_jog</ref>)<sp/>==<sp/>3)<sp/>{</highlight></codeline>
<codeline lineno="244"><highlight class="normal"><sp/><sp/><sp/><sp/><sp/><sp/><sp/><sp/>e-&gt;<ref refid="structESTADO_1a261495728744647e618b4e623f5a4b7a" kindref="member">num_jogadas</ref>++;</highlight></codeline>
<codeline lineno="245"><highlight class="normal"><sp/><sp/><sp/><sp/><sp/><sp/><sp/><sp/>e-&gt;<ref refid="structESTADO_1a5632721fdfcc6c98f084c91aef5b6e25" kindref="member">count_jog</ref><sp/>=<sp/>1;</highlight></codeline>
<codeline lineno="246"><highlight class="normal"><sp/><sp/><sp/><sp/>}</highlight></codeline>
<codeline lineno="247"><highlight class="normal">}</highlight></codeline>
<codeline lineno="253"><highlight class="keywordtype">void</highlight><highlight class="normal"><sp/>iniciar_estado(<ref refid="structESTADO" kindref="compound">ESTADO</ref><sp/>*e)<sp/>{</highlight></codeline>
<codeline lineno="254"><highlight class="normal"><sp/><sp/><sp/><sp/>e-&gt;<ref refid="structESTADO_1a248a8554633b7e8e40142e5b8c4e6960" kindref="member">num</ref><sp/>=<sp/>0;</highlight></codeline>
<codeline lineno="255"><highlight class="normal"><sp/><sp/><sp/><sp/>e-&gt;<ref refid="structESTADO_1a5632721fdfcc6c98f084c91aef5b6e25" kindref="member">count_jog</ref><sp/>=<sp/>1;</highlight></codeline>
<codeline lineno="256"><highlight class="normal"><sp/><sp/><sp/><sp/>e-&gt;<ref refid="structESTADO_1a49b04d6940f820509146c9162ac10542" kindref="member">count_movs</ref><sp/>=<sp/>1;</highlight></codeline>
<codeline lineno="257"><highlight class="normal"><sp/><sp/><sp/><sp/>e-&gt;<ref refid="structESTADO_1a261495728744647e618b4e623f5a4b7a" kindref="member">num_jogadas</ref><sp/>=<sp/>1;</highlight></codeline>
<codeline lineno="258"><highlight class="normal">}</highlight></codeline>
<codeline lineno="264"><highlight class="keywordtype">void</highlight><highlight class="normal"><sp/>mudar_estado(<ref refid="structESTADO" kindref="compound">ESTADO</ref><sp/>*e){</highlight></codeline>
<codeline lineno="265"><highlight class="normal"><sp/><sp/><sp/><sp/>e-&gt;<ref refid="structESTADO_1a5632721fdfcc6c98f084c91aef5b6e25" kindref="member">count_jog</ref>++;</highlight></codeline>
<codeline lineno="266"><highlight class="normal"><sp/><sp/><sp/><sp/>e-&gt;<ref refid="structESTADO_1a49b04d6940f820509146c9162ac10542" kindref="member">count_movs</ref>++;</highlight></codeline>
<codeline lineno="267"><highlight class="normal">}</highlight></codeline>
<codeline lineno="275"><highlight class="keywordtype">int</highlight><highlight class="normal"><sp/>calcula_dist(<ref refid="structCOORDENADA" kindref="compound">COORDENADA</ref><sp/>c,<sp/><ref refid="structESTADO" kindref="compound">ESTADO</ref>*<sp/>e){</highlight></codeline>
<codeline lineno="276"><highlight class="normal"><sp/><sp/><sp/><sp/></highlight><highlight class="keywordtype">int</highlight><highlight class="normal"><sp/>dist;</highlight></codeline>
<codeline lineno="277"><highlight class="normal"><sp/><sp/><sp/><sp/></highlight><highlight class="keywordflow">if</highlight><highlight class="normal"><sp/>(e-&gt;<ref refid="structESTADO_1a5dd28e2e68b7aef2b6b7ea88e02eff58" kindref="member">jogador_atual</ref><sp/>==<sp/>1){</highlight></codeline>
<codeline lineno="278"><highlight class="normal"><sp/><sp/><sp/><sp/><sp/><sp/><sp/><sp/>dist<sp/>=<sp/>(abs(c.<ref refid="structCOORDENADA_1aefe14bcc5a066ac3b21500cc3d28c06f" kindref="member">linha</ref><sp/>-<sp/>7))<sp/>+<sp/>c.<ref refid="structCOORDENADA_1acb526f8ae91ba6a2742ef1a9473fa2b4" kindref="member">letra</ref>;</highlight></codeline>
<codeline lineno="279"><highlight class="normal"><sp/><sp/><sp/><sp/>}</highlight></codeline>
<codeline lineno="280"><highlight class="normal"><sp/><sp/><sp/><sp/></highlight><highlight class="keywordflow">else</highlight><highlight class="normal">{</highlight></codeline>
<codeline lineno="281"><highlight class="normal"><sp/><sp/><sp/><sp/><sp/><sp/><sp/><sp/>dist<sp/>=<sp/>c.<ref refid="structCOORDENADA_1aefe14bcc5a066ac3b21500cc3d28c06f" kindref="member">linha</ref><sp/>+<sp/>(abs(c.<ref refid="structCOORDENADA_1acb526f8ae91ba6a2742ef1a9473fa2b4" kindref="member">letra</ref><sp/>-<sp/>7));</highlight></codeline>
<codeline lineno="282"><highlight class="normal"><sp/><sp/><sp/><sp/>}</highlight></codeline>
<codeline lineno="283"><highlight class="normal"><sp/><sp/><sp/><sp/></highlight><highlight class="keywordflow">return</highlight><highlight class="normal"><sp/>dist;</highlight></codeline>
<codeline lineno="284"><highlight class="normal">}</highlight></codeline>
<codeline lineno="292"><highlight class="keywordtype">int</highlight><highlight class="normal"><sp/>verifica_jog(<ref refid="structESTADO" kindref="compound">ESTADO</ref><sp/>e,<sp/><ref refid="structCOORDENADA" kindref="compound">COORDENADA</ref><sp/>c)<sp/>{</highlight></codeline>
<codeline lineno="293"><highlight class="normal"><sp/><sp/><sp/><sp/></highlight><highlight class="keywordtype">int</highlight><highlight class="normal"><sp/>count<sp/>=<sp/>0,<sp/>i,<sp/>j,<sp/>minlin,<sp/>minlet;</highlight></codeline>
<codeline lineno="294"><highlight class="normal"><sp/><sp/><sp/><sp/>minlin<sp/>=<sp/>min((c.<ref refid="structCOORDENADA_1aefe14bcc5a066ac3b21500cc3d28c06f" kindref="member">linha</ref><sp/>+<sp/>1),<sp/>7);</highlight></codeline>
<codeline lineno="295"><highlight class="normal"><sp/><sp/><sp/><sp/>minlet<sp/>=<sp/>min((c.<ref refid="structCOORDENADA_1acb526f8ae91ba6a2742ef1a9473fa2b4" kindref="member">letra</ref><sp/>+<sp/>1),<sp/>7);</highlight></codeline>
<codeline lineno="296"><highlight class="normal"><sp/><sp/><sp/><sp/>i<sp/>=<sp/>max((c.<ref refid="structCOORDENADA_1aefe14bcc5a066ac3b21500cc3d28c06f" kindref="member">linha</ref><sp/>-<sp/>1),<sp/>0);</highlight></codeline>
<codeline lineno="297"><highlight class="normal"><sp/><sp/><sp/><sp/>j<sp/>=<sp/>max((c.<ref refid="structCOORDENADA_1acb526f8ae91ba6a2742ef1a9473fa2b4" kindref="member">letra</ref><sp/>-<sp/>1),<sp/>0);</highlight></codeline>
<codeline lineno="298"><highlight class="normal"><sp/><sp/><sp/><sp/>e.<ref refid="structESTADO_1ab56f0f1be16954d3768b4174d14c087d" kindref="member">tab</ref>[c.<ref refid="structCOORDENADA_1aefe14bcc5a066ac3b21500cc3d28c06f" kindref="member">linha</ref>][c.<ref refid="structCOORDENADA_1acb526f8ae91ba6a2742ef1a9473fa2b4" kindref="member">letra</ref>]<sp/>=<sp/>BRANCA;</highlight></codeline>
<codeline lineno="299"><highlight class="normal"><sp/><sp/><sp/><sp/></highlight><highlight class="keywordflow">while</highlight><highlight class="normal"><sp/>(i<sp/>&lt;=<sp/>minlin)<sp/>{</highlight></codeline>
<codeline lineno="300"><highlight class="normal"><sp/><sp/><sp/><sp/><sp/><sp/><sp/><sp/></highlight><highlight class="keywordflow">while</highlight><highlight class="normal"><sp/>(j<sp/>&lt;=<sp/>minlet)<sp/>{</highlight></codeline>
<codeline lineno="301"><highlight class="normal"><sp/><sp/><sp/><sp/><sp/><sp/><sp/><sp/><sp/><sp/><sp/><sp/></highlight><highlight class="keywordflow">if</highlight><highlight class="normal"><sp/>(e.<ref refid="structESTADO_1ab56f0f1be16954d3768b4174d14c087d" kindref="member">tab</ref>[i][j]<sp/>==<sp/>VAZIA<sp/>||<sp/>e.<ref refid="structESTADO_1ab56f0f1be16954d3768b4174d14c087d" kindref="member">tab</ref>[i][j]<sp/>==<sp/>UM<sp/>||<sp/>e.<ref refid="structESTADO_1ab56f0f1be16954d3768b4174d14c087d" kindref="member">tab</ref>[i][j]<sp/>==<sp/>DOIS)<sp/>{</highlight></codeline>
<codeline lineno="302"><highlight class="normal"><sp/><sp/><sp/><sp/><sp/><sp/><sp/><sp/><sp/><sp/><sp/><sp/><sp/><sp/><sp/><sp/>count++;</highlight></codeline>
<codeline lineno="303"><highlight class="normal"><sp/><sp/><sp/><sp/><sp/><sp/><sp/><sp/><sp/><sp/><sp/><sp/>}</highlight></codeline>
<codeline lineno="304"><highlight class="normal"><sp/><sp/><sp/><sp/><sp/><sp/><sp/><sp/><sp/><sp/><sp/><sp/>j++;</highlight></codeline>
<codeline lineno="305"><highlight class="normal"><sp/><sp/><sp/><sp/><sp/><sp/><sp/><sp/>}</highlight></codeline>
<codeline lineno="306"><highlight class="normal"><sp/><sp/><sp/><sp/><sp/><sp/><sp/><sp/>i++;</highlight></codeline>
<codeline lineno="307"><highlight class="normal"><sp/><sp/><sp/><sp/><sp/><sp/><sp/><sp/>j<sp/>=<sp/>max((c.<ref refid="structCOORDENADA_1acb526f8ae91ba6a2742ef1a9473fa2b4" kindref="member">letra</ref><sp/>-<sp/>1),<sp/>0);</highlight></codeline>
<codeline lineno="308"><highlight class="normal"><sp/><sp/><sp/><sp/>}</highlight></codeline>
<codeline lineno="309"><highlight class="normal"><sp/><sp/><sp/><sp/></highlight><highlight class="keywordflow">return</highlight><highlight class="normal"><sp/>count;</highlight></codeline>
<codeline lineno="310"><highlight class="normal">}</highlight></codeline>
<codeline lineno="311"><highlight class="normal"></highlight></codeline>
<codeline lineno="318"><highlight class="normal"><ref refid="structCOORDENADA" kindref="compound">COORDENADA</ref><sp/>area_par(<ref refid="structESTADO" kindref="compound">ESTADO</ref><sp/>*e,<sp/><ref refid="structlista" kindref="compound">LISTA</ref><sp/>*l){</highlight></codeline>
<codeline lineno="319"><highlight class="normal"><sp/><sp/><sp/><sp/><ref refid="structlista" kindref="compound">LISTA</ref><sp/>guardaPar<sp/>=<sp/>(*l);</highlight></codeline>
<codeline lineno="320"><highlight class="normal"><sp/><sp/><sp/><sp/><ref refid="structCOORDENADA" kindref="compound">COORDENADA</ref><sp/>c,d,posjog[8];</highlight></codeline>
<codeline lineno="321"><highlight class="normal"><sp/><sp/><sp/><sp/></highlight><highlight class="keywordtype">int</highlight><highlight class="normal"><sp/>i<sp/>=<sp/>0;</highlight></codeline>
<codeline lineno="322"><highlight class="normal"><sp/><sp/><sp/><sp/></highlight><highlight class="keywordflow">while</highlight><highlight class="normal"><sp/>(guardaPar!=NULL)<sp/>{</highlight></codeline>
<codeline lineno="323"><highlight class="normal"><sp/><sp/><sp/><sp/><sp/><sp/><sp/><sp/>c<sp/>=<sp/>*(<ref refid="structCOORDENADA" kindref="compound">COORDENADA</ref><sp/>*)guardaPar-&gt;<ref refid="structlista_1a1851230b0237deef0519ee33de9f2dd0" kindref="member">valor</ref>;</highlight></codeline>
<codeline lineno="324"><highlight class="normal"><sp/><sp/><sp/><sp/><sp/><sp/><sp/><sp/>if<sp/>((verifica_jog((*e),c))<sp/>%<sp/>2<sp/>==<sp/>0)<sp/>{</highlight></codeline>
<codeline lineno="325"><highlight class="normal"><sp/><sp/><sp/><sp/><sp/><sp/><sp/><sp/><sp/><sp/><sp/><sp/>posjog[i]<sp/>=<sp/>c;</highlight></codeline>
<codeline lineno="326"><highlight class="normal"><sp/><sp/><sp/><sp/><sp/><sp/><sp/><sp/><sp/><sp/><sp/><sp/>i++;</highlight></codeline>
<codeline lineno="327"><highlight class="normal"><sp/><sp/><sp/><sp/><sp/><sp/><sp/><sp/>}</highlight></codeline>
<codeline lineno="328"><highlight class="normal"><sp/><sp/><sp/><sp/><sp/><sp/><sp/><sp/>guardaPar<sp/>=<sp/>proximo(&amp;guardaPar);}</highlight></codeline>
<codeline lineno="329"><highlight class="normal"><sp/><sp/><sp/><sp/></highlight><highlight class="keywordflow">if</highlight><highlight class="normal"><sp/>(i<sp/>&gt;<sp/>0){</highlight></codeline>
<codeline lineno="330"><highlight class="normal"><sp/><sp/><sp/><sp/><sp/><sp/><sp/><sp/>freeList(l);</highlight></codeline>
<codeline lineno="331"><highlight class="normal"><sp/><sp/><sp/><sp/><sp/><sp/><sp/><sp/>i--;</highlight></codeline>
<codeline lineno="332"><highlight class="normal"><sp/><sp/><sp/><sp/><sp/><sp/><sp/><sp/></highlight><highlight class="keywordflow">while</highlight><highlight class="normal">(i<sp/>&gt;=<sp/>0){</highlight></codeline>
<codeline lineno="333"><highlight class="normal"><sp/><sp/><sp/><sp/><sp/><sp/><sp/><sp/><sp/><sp/><sp/><sp/>insere_cabeca(l,<sp/>&amp;(posjog[i]));</highlight></codeline>
<codeline lineno="334"><highlight class="normal"><sp/><sp/><sp/><sp/><sp/><sp/><sp/><sp/><sp/><sp/><sp/><sp/>i--;}</highlight></codeline>
<codeline lineno="335"><highlight class="normal"><sp/><sp/><sp/><sp/>}</highlight></codeline>
<codeline lineno="336"><highlight class="normal"><sp/><sp/><sp/><sp/>d<sp/>=<sp/>melhor_coord02((*e),l);</highlight></codeline>
<codeline lineno="337"><highlight class="normal"><sp/><sp/><sp/><sp/></highlight><highlight class="keywordflow">return</highlight><highlight class="normal"><sp/>d;</highlight></codeline>
<codeline lineno="338"><highlight class="normal">}</highlight></codeline>
<codeline lineno="344"><highlight class="keywordtype">void</highlight><highlight class="normal"><sp/>altera_bestdist(<ref refid="structCOORDENADA" kindref="compound">COORDENADA</ref><sp/>*melhor,<sp/><ref refid="structCOORDENADA" kindref="compound">COORDENADA</ref><sp/>coordAtual)<sp/>{</highlight></codeline>
<codeline lineno="345"><highlight class="normal"><sp/><sp/><sp/><sp/>melhor-&gt;<ref refid="structCOORDENADA_1acb526f8ae91ba6a2742ef1a9473fa2b4" kindref="member">letra</ref><sp/>=<sp/>coordAtual.<ref refid="structCOORDENADA_1acb526f8ae91ba6a2742ef1a9473fa2b4" kindref="member">letra</ref>;</highlight></codeline>
<codeline lineno="346"><highlight class="normal"><sp/><sp/><sp/><sp/>melhor-&gt;<ref refid="structCOORDENADA_1aefe14bcc5a066ac3b21500cc3d28c06f" kindref="member">linha</ref><sp/>=<sp/>coordAtual.<ref refid="structCOORDENADA_1aefe14bcc5a066ac3b21500cc3d28c06f" kindref="member">linha</ref>;</highlight></codeline>
<codeline lineno="347"><highlight class="normal"><sp/><sp/><sp/><sp/>melhor-&gt;<ref refid="structCOORDENADA_1ac00ff2e615b371a3d87fbb05449cde99" kindref="member">letrinha</ref><sp/>=<sp/></highlight><highlight class="charliteral">&apos;a&apos;</highlight><highlight class="normal"><sp/>+<sp/>((coordAtual.<ref refid="structCOORDENADA_1acb526f8ae91ba6a2742ef1a9473fa2b4" kindref="member">letra</ref>)<sp/>-<sp/>1);</highlight></codeline>
<codeline lineno="348"><highlight class="normal">}</highlight></codeline>
<codeline lineno="349"><highlight class="normal"></highlight></codeline>
<codeline lineno="356"><highlight class="normal"><ref refid="structCOORDENADA" kindref="compound">COORDENADA</ref><sp/>melhor_coord02(<ref refid="structESTADO" kindref="compound">ESTADO</ref><sp/>e,<sp/><ref refid="structlista" kindref="compound">LISTA</ref><sp/>*l){</highlight></codeline>
<codeline lineno="357"><highlight class="normal"><sp/><sp/><sp/><sp/><ref refid="structCOORDENADA" kindref="compound">COORDENADA</ref><sp/>melhor,<sp/>coordAtual;</highlight></codeline>
<codeline lineno="358"><highlight class="normal"><sp/><sp/><sp/><sp/>melhor.<ref refid="structCOORDENADA_1aefe14bcc5a066ac3b21500cc3d28c06f" kindref="member">linha</ref><sp/>=<sp/>e.<ref refid="structESTADO_1a4896a5c5c1f40b43fb795623327e3f47" kindref="member">ultima_jogada</ref>.<ref refid="structCOORDENADA_1aefe14bcc5a066ac3b21500cc3d28c06f" kindref="member">linha</ref>;</highlight></codeline>
<codeline lineno="359"><highlight class="normal"><sp/><sp/><sp/><sp/>melhor.<ref refid="structCOORDENADA_1acb526f8ae91ba6a2742ef1a9473fa2b4" kindref="member">letra</ref><sp/>=<sp/>e.<ref refid="structESTADO_1a4896a5c5c1f40b43fb795623327e3f47" kindref="member">ultima_jogada</ref>.<ref refid="structCOORDENADA_1acb526f8ae91ba6a2742ef1a9473fa2b4" kindref="member">letra</ref>;</highlight></codeline>
<codeline lineno="360"><highlight class="normal"><sp/><sp/><sp/><sp/>melhor.<ref refid="structCOORDENADA_1ac00ff2e615b371a3d87fbb05449cde99" kindref="member">letrinha</ref><sp/>=<sp/>e.<ref refid="structESTADO_1a4896a5c5c1f40b43fb795623327e3f47" kindref="member">ultima_jogada</ref>.<ref refid="structCOORDENADA_1ac00ff2e615b371a3d87fbb05449cde99" kindref="member">letrinha</ref>;</highlight></codeline>
<codeline lineno="361"><highlight class="normal"><sp/><sp/><sp/><sp/></highlight><highlight class="keywordtype">int</highlight><highlight class="normal"><sp/>distatual,area1,area2,tamanhoL,bestdist<sp/>=<sp/>15,stop<sp/>=<sp/>0;</highlight></codeline>
<codeline lineno="362"><highlight class="normal"><sp/><sp/><sp/><sp/>tamanhoL<sp/>=<sp/>tamanho_lista(*l);</highlight></codeline>
<codeline lineno="363"><highlight class="normal"><sp/><sp/><sp/><sp/></highlight><highlight class="keywordflow">while</highlight><highlight class="normal"><sp/>(*l!=NULL<sp/>&amp;&amp;<sp/>stop<sp/>==<sp/>0){</highlight></codeline>
<codeline lineno="364"><highlight class="normal"><sp/><sp/><sp/><sp/><sp/><sp/><sp/><sp/></highlight><highlight class="keywordflow">if</highlight><highlight class="normal"><sp/>(tamanhoL<sp/>&gt;<sp/>1<sp/>&amp;&amp;<sp/>verifica_jog(e,*(<ref refid="structCOORDENADA" kindref="compound">COORDENADA</ref><sp/>*)(*l)-&gt;valor)<sp/>==<sp/>0){</highlight></codeline>
<codeline lineno="365"><highlight class="normal"><sp/><sp/><sp/><sp/><sp/><sp/><sp/><sp/><sp/><sp/><sp/><sp/>remove_cabeca(l);}</highlight></codeline>
<codeline lineno="366"><highlight class="normal"><sp/><sp/><sp/><sp/><sp/><sp/><sp/><sp/></highlight><highlight class="keywordflow">if</highlight><highlight class="normal"><sp/>(lista_vazia(*l)<sp/>!=<sp/>1)<sp/>{</highlight></codeline>
<codeline lineno="367"><highlight class="normal"><sp/><sp/><sp/><sp/><sp/><sp/><sp/><sp/><sp/><sp/><sp/><sp/>coordAtual<sp/>=<sp/>*(<ref refid="structCOORDENADA" kindref="compound">COORDENADA</ref><sp/>*)<sp/>(*l)-&gt;valor;</highlight></codeline>
<codeline lineno="368"><highlight class="normal"><sp/><sp/><sp/><sp/><sp/><sp/><sp/><sp/><sp/><sp/><sp/><sp/>distatual<sp/>=<sp/>calcula_dist(coordAtual,<sp/>&amp;e);</highlight></codeline>
<codeline lineno="369"><highlight class="normal"><sp/><sp/><sp/><sp/><sp/><sp/><sp/><sp/><sp/><sp/><sp/><sp/></highlight><highlight class="keywordflow">if</highlight><highlight class="normal"><sp/>(distatual<sp/>&lt;=<sp/>bestdist)<sp/>{</highlight></codeline>
<codeline lineno="370"><highlight class="normal"><sp/><sp/><sp/><sp/><sp/><sp/><sp/><sp/><sp/><sp/><sp/><sp/><sp/><sp/><sp/><sp/></highlight><highlight class="keywordflow">if</highlight><highlight class="normal"><sp/>(distatual<sp/>==<sp/>bestdist)<sp/>{</highlight></codeline>
<codeline lineno="371"><highlight class="normal"><sp/><sp/><sp/><sp/><sp/><sp/><sp/><sp/><sp/><sp/><sp/><sp/><sp/><sp/><sp/><sp/><sp/><sp/><sp/><sp/>area1<sp/>=<sp/>(verifica_jog(e,<sp/>melhor));</highlight></codeline>
<codeline lineno="372"><highlight class="normal"><sp/><sp/><sp/><sp/><sp/><sp/><sp/><sp/><sp/><sp/><sp/><sp/><sp/><sp/><sp/><sp/><sp/><sp/><sp/><sp/>area2<sp/>=<sp/>(verifica_jog(e,<sp/>coordAtual));</highlight></codeline>
<codeline lineno="373"><highlight class="normal"><sp/><sp/><sp/><sp/><sp/><sp/><sp/><sp/><sp/><sp/><sp/><sp/><sp/><sp/><sp/><sp/><sp/><sp/><sp/><sp/></highlight><highlight class="keywordflow">if</highlight><highlight class="normal"><sp/>(area2<sp/>&gt;=<sp/>area1)<sp/>{</highlight></codeline>
<codeline lineno="374"><highlight class="normal"><sp/><sp/><sp/><sp/><sp/><sp/><sp/><sp/><sp/><sp/><sp/><sp/><sp/><sp/><sp/><sp/><sp/><sp/><sp/><sp/><sp/><sp/><sp/><sp/>bestdist<sp/>=<sp/>distatual;</highlight></codeline>
<codeline lineno="375"><highlight class="normal"><sp/><sp/><sp/><sp/><sp/><sp/><sp/><sp/><sp/><sp/><sp/><sp/><sp/><sp/><sp/><sp/><sp/><sp/><sp/><sp/><sp/><sp/><sp/><sp/>altera_bestdist(&amp;melhor,coordAtual);</highlight></codeline>
<codeline lineno="376"><highlight class="normal"><sp/><sp/><sp/><sp/><sp/><sp/><sp/><sp/><sp/><sp/><sp/><sp/><sp/><sp/><sp/><sp/><sp/><sp/><sp/><sp/>}</highlight></codeline>
<codeline lineno="377"><highlight class="normal"><sp/><sp/><sp/><sp/><sp/><sp/><sp/><sp/><sp/><sp/><sp/><sp/><sp/><sp/><sp/><sp/>}<sp/></highlight><highlight class="keywordflow">else</highlight><highlight class="normal"><sp/>{</highlight></codeline>
<codeline lineno="378"><highlight class="normal"><sp/><sp/><sp/><sp/><sp/><sp/><sp/><sp/><sp/><sp/><sp/><sp/><sp/><sp/><sp/><sp/><sp/><sp/><sp/><sp/>bestdist<sp/>=<sp/>distatual;</highlight></codeline>
<codeline lineno="379"><highlight class="normal"><sp/><sp/><sp/><sp/><sp/><sp/><sp/><sp/><sp/><sp/><sp/><sp/><sp/><sp/><sp/><sp/><sp/><sp/><sp/><sp/>altera_bestdist(&amp;melhor,coordAtual);</highlight></codeline>
<codeline lineno="380"><highlight class="normal"><sp/><sp/><sp/><sp/><sp/><sp/><sp/><sp/><sp/><sp/><sp/><sp/><sp/><sp/><sp/><sp/>}</highlight></codeline>
<codeline lineno="381"><highlight class="normal"><sp/><sp/><sp/><sp/><sp/><sp/><sp/><sp/><sp/><sp/><sp/><sp/>}</highlight></codeline>
<codeline lineno="382"><highlight class="normal"><sp/><sp/><sp/><sp/><sp/><sp/><sp/><sp/><sp/><sp/><sp/><sp/>(*l)<sp/>=<sp/>proximo(l);</highlight></codeline>
<codeline lineno="383"><highlight class="normal"><sp/><sp/><sp/><sp/><sp/><sp/><sp/><sp/>}</highlight></codeline>
<codeline lineno="384"><highlight class="normal"><sp/><sp/><sp/><sp/><sp/><sp/><sp/><sp/></highlight><highlight class="keywordflow">else</highlight><highlight class="normal"><sp/>stop++;</highlight></codeline>
<codeline lineno="385"><highlight class="normal"><sp/><sp/><sp/><sp/>}</highlight></codeline>
<codeline lineno="386"><highlight class="normal"><sp/><sp/><sp/><sp/></highlight><highlight class="keywordflow">return</highlight><highlight class="normal"><sp/>melhor;</highlight></codeline>
<codeline lineno="387"><highlight class="normal">}</highlight></codeline>
<codeline lineno="388"><highlight class="normal"></highlight><highlight class="comment">/*<sp/>BOT-01*/</highlight></codeline>
<codeline lineno="394"><highlight class="keywordtype">void</highlight><highlight class="normal"><sp/>jog01(<ref refid="structESTADO" kindref="compound">ESTADO</ref><sp/>*e,<sp/><ref refid="structlista" kindref="compound">LISTA</ref><sp/>*l){</highlight></codeline>
<codeline lineno="395"><highlight class="normal"><sp/><sp/><sp/><sp/><ref refid="structCOORDENADA" kindref="compound">COORDENADA</ref><sp/>c<sp/>=<sp/>melhor_coord02(*e,l);</highlight></codeline>
<codeline lineno="396"><highlight class="normal"><sp/><sp/><sp/><sp/>movs(e,c);</highlight></codeline>
<codeline lineno="397"><highlight class="normal"><sp/><sp/><sp/><sp/>jogar(e,c);</highlight></codeline>
<codeline lineno="398"><highlight class="normal"><sp/><sp/><sp/><sp/>mudar_estado(e);</highlight></codeline>
<codeline lineno="399"><highlight class="normal">}</highlight></codeline>
<codeline lineno="400"><highlight class="normal"></highlight></codeline>
<codeline lineno="401"><highlight class="normal"></highlight><highlight class="comment">/*BOT-02*/</highlight></codeline>
<codeline lineno="408"><highlight class="keywordtype">void</highlight><highlight class="normal"><sp/>jog02(<ref refid="structESTADO" kindref="compound">ESTADO</ref><sp/>*e,<sp/><ref refid="structlista" kindref="compound">LISTA</ref><sp/>*l){</highlight></codeline>
<codeline lineno="409"><highlight class="normal"><sp/><sp/><sp/><sp/><ref refid="structCOORDENADA" kindref="compound">COORDENADA</ref><sp/>c<sp/>=<sp/>area_par(e,l);</highlight></codeline>
<codeline lineno="410"><highlight class="normal"><sp/><sp/><sp/><sp/>movs(e,c);</highlight></codeline>
<codeline lineno="411"><highlight class="normal"><sp/><sp/><sp/><sp/>jogar(e,c);</highlight></codeline>
<codeline lineno="412"><highlight class="normal"><sp/><sp/><sp/><sp/>mudar_estado(e);</highlight></codeline>
<codeline lineno="413"><highlight class="normal"></highlight></codeline>
<codeline lineno="414"><highlight class="normal">}</highlight></codeline>
    </programlisting>
    <location file="logica.c"/>
  </compounddef>
</doxygen>
