<?xml version='1.0' encoding='UTF-8' standalone='no'?>
<doxygen xmlns:xsi="http://www.w3.org/2001/XMLSchema-instance" xsi:noNamespaceSchemaLocation="compound.xsd" version="1.8.13">
  <compounddef id="md_relatorio" kind="page">
    <compoundname>md_relatorio</compoundname>
    <title>relatorio</title>
    <detaileddescription>
<para>MIEI-UC 1º ano-2º SEMESTRE Numeração do grupo:2 PL1 Grupo: Pedro Aquino A90614 Pedro Saldanha A90618 Vitor Lelis A90707</para><para>Relatorio (Guião 5)</para><para>Objetivo:Neste guião tivemos como tarefa produzir modulos, além de desenvolver código para cada modulo sendo eles (CamadaDeDados,logica, interface).</para><para>Desafios: Nas primeiras impressões o código de exemplo parecia ser demasiado complexo pelo facto de utilizar algumas funções não apresentadas ou estudadas em sala de aula,com isso,foi preciso sentar os três a tentar analisar o código que vos foi dado, além disso, tivemos uma discursão o que seria melhor para o desenvolvimento do trabalho,fazer o nosso próprio código ou utilizar os ja estava pre estabelecido.Sendo assim, depois de 3 dias de analise de código para percebemos o que cada função faz, começamos a reparar o como as partes se encaixavam de forma simples e clara e então inicializamos o nosso desenvolvimento. Diante disto, ficamos um pouco perdidos em relação o que tínhamos que complementar e como poderíamos construir um código para que ficasse tão compacto e simples como o já estabelecido.Embora,apesar nos apresentar um código que é simples nos faltava conhecimento mas conseguimos aprender um pouco mais das funções e com os nossos erros em testes. </para>    </detaileddescription>
  </compounddef>
</doxygen>
