<?xml version='1.0' encoding='UTF-8' standalone='no'?>
<doxygen xmlns:xsi="http://www.w3.org/2001/XMLSchema-instance" xsi:noNamespaceSchemaLocation="compound.xsd" version="1.8.13">
  <compounddef id="md_README" kind="page">
    <compoundname>md_README</compoundname>
    <title>Li2</title>
    <detaileddescription>
<para>Alunos esses que pertence ao PL1-Grupo 2, sendo eles:</para><para>Pedro Aquino Martins de Araujo- A90614</para><para>Pedro Henrique do Vale Saldanha- A90618</para><para>Vitor Lelis Noronha Leite- A90707 </para>    </detaileddescription>
  </compounddef>
</doxygen>
