<?xml version='1.0' encoding='UTF-8' standalone='no'?>
<doxygen xmlns:xsi="http://www.w3.org/2001/XMLSchema-instance" xsi:noNamespaceSchemaLocation="compound.xsd" version="1.8.13">
  <compounddef id="README_8md" kind="file" language="Markdown">
    <compoundname>README.md</compoundname>
    <briefdescription>
    </briefdescription>
    <detaileddescription>
    </detaileddescription>
    <programlisting>
<codeline><highlight class="normal">#<sp/>Li2</highlight></codeline>
<codeline></codeline>
<codeline><highlight class="normal">Alunos<sp/>esses<sp/>que<sp/>pertence<sp/>ao<sp/>PL1-Grupo<sp/>2,<sp/>sendo<sp/>eles:</highlight></codeline>
<codeline></codeline>
<codeline><highlight class="normal">Pedro<sp/>Aquino<sp/>Martins<sp/>de<sp/>Araujo-<sp/>A90614</highlight></codeline>
<codeline></codeline>
<codeline><highlight class="normal">Pedro<sp/>Henrique<sp/>do<sp/>Vale<sp/>Saldanha-<sp/>A90618</highlight></codeline>
<codeline></codeline>
<codeline><highlight class="normal">Vitor<sp/>Lelis<sp/>Noronha<sp/>Leite-<sp/>A90707</highlight></codeline>
    </programlisting>
    <location file="README.md"/>
  </compounddef>
</doxygen>
