<?xml version='1.0' encoding='UTF-8' standalone='no'?>
<doxygen xmlns:xsi="http://www.w3.org/2001/XMLSchema-instance" xsi:noNamespaceSchemaLocation="compound.xsd" version="1.8.13">
  <compounddef id="structCOORDENADA" kind="struct" language="C++" prot="public">
    <compoundname>COORDENADA</compoundname>
    <includes refid="camadaDeDados_8h" local="no">camadaDeDados.h</includes>
      <sectiondef kind="public-attrib">
      <memberdef kind="variable" id="structCOORDENADA_1acb526f8ae91ba6a2742ef1a9473fa2b4" prot="public" static="no" mutable="no">
        <type>int</type>
        <definition>int COORDENADA::letra</definition>
        <argsstring></argsstring>
        <name>letra</name>
        <briefdescription>
        </briefdescription>
        <detaileddescription>
<para>Coluna do tabuleiro </para>        </detaileddescription>
        <inbodydescription>
        </inbodydescription>
        <location file="camadaDeDados.h" line="16" column="1" bodyfile="camadaDeDados.h" bodystart="16" bodyend="-1"/>
      </memberdef>
      <memberdef kind="variable" id="structCOORDENADA_1aefe14bcc5a066ac3b21500cc3d28c06f" prot="public" static="no" mutable="no">
        <type>int</type>
        <definition>int COORDENADA::linha</definition>
        <argsstring></argsstring>
        <name>linha</name>
        <briefdescription>
        </briefdescription>
        <detaileddescription>
<para>Linhas do tabuleiro </para>        </detaileddescription>
        <inbodydescription>
        </inbodydescription>
        <location file="camadaDeDados.h" line="20" column="1" bodyfile="camadaDeDados.h" bodystart="20" bodyend="-1"/>
      </memberdef>
      <memberdef kind="variable" id="structCOORDENADA_1ac00ff2e615b371a3d87fbb05449cde99" prot="public" static="no" mutable="no">
        <type>char</type>
        <definition>char COORDENADA::letrinha</definition>
        <argsstring></argsstring>
        <name>letrinha</name>
        <briefdescription>
        </briefdescription>
        <detaileddescription>
<para>Char utilizado para o prompt e movs </para>        </detaileddescription>
        <inbodydescription>
        </inbodydescription>
        <location file="camadaDeDados.h" line="24" column="1" bodyfile="camadaDeDados.h" bodystart="24" bodyend="-1"/>
      </memberdef>
      </sectiondef>
    <briefdescription>
    </briefdescription>
    <detaileddescription>
<para><ref refid="structCOORDENADA" kindref="compound">COORDENADA</ref> há dois inteiros sendo eles para identificar as colunas=letras (A-H),linhas de (1-8) e o letrinh é um char para utilizamos no movs e prompt . </para>    </detaileddescription>
    <location file="camadaDeDados.h" line="12" column="1" bodyfile="camadaDeDados.h" bodystart="12" bodyend="25"/>
    <listofallmembers>
      <member refid="structCOORDENADA_1acb526f8ae91ba6a2742ef1a9473fa2b4" prot="public" virt="non-virtual"><scope>COORDENADA</scope><name>letra</name></member>
      <member refid="structCOORDENADA_1ac00ff2e615b371a3d87fbb05449cde99" prot="public" virt="non-virtual"><scope>COORDENADA</scope><name>letrinha</name></member>
      <member refid="structCOORDENADA_1aefe14bcc5a066ac3b21500cc3d28c06f" prot="public" virt="non-virtual"><scope>COORDENADA</scope><name>linha</name></member>
    </listofallmembers>
  </compounddef>
</doxygen>
