<?xml version='1.0' encoding='UTF-8' standalone='no'?>
<doxygen xmlns:xsi="http://www.w3.org/2001/XMLSchema-instance" xsi:noNamespaceSchemaLocation="compound.xsd" version="1.8.13">
  <compounddef id="structESTADO" kind="struct" language="C++" prot="public">
    <compoundname>ESTADO</compoundname>
    <includes refid="camadaDeDados_8h" local="no">camadaDeDados.h</includes>
      <sectiondef kind="public-attrib">
      <memberdef kind="variable" id="structESTADO_1ab56f0f1be16954d3768b4174d14c087d" prot="public" static="no" mutable="no">
        <type>CASA</type>
        <definition>CASA ESTADO::tab[8][8]</definition>
        <argsstring>[8][8]</argsstring>
        <name>tab</name>
        <briefdescription>
        </briefdescription>
        <detaileddescription>
<para>Tabuleiro no qual realizamos as jogadas </para>        </detaileddescription>
        <inbodydescription>
        </inbodydescription>
        <location file="camadaDeDados.h" line="55" column="1" bodyfile="camadaDeDados.h" bodystart="55" bodyend="-1"/>
      </memberdef>
      <memberdef kind="variable" id="structESTADO_1afae43b87a488fad0f2b56a18bad31d18" prot="public" static="no" mutable="no">
        <type>JOGADAS</type>
        <definition>JOGADAS ESTADO::jogadas</definition>
        <argsstring></argsstring>
        <name>jogadas</name>
        <briefdescription>
        </briefdescription>
        <detaileddescription>
<para>Array conte todas as jogadas feitas </para>        </detaileddescription>
        <inbodydescription>
        </inbodydescription>
        <location file="camadaDeDados.h" line="59" column="1" bodyfile="camadaDeDados.h" bodystart="59" bodyend="-1"/>
      </memberdef>
      <memberdef kind="variable" id="structESTADO_1a261495728744647e618b4e623f5a4b7a" prot="public" static="no" mutable="no">
        <type>int</type>
        <definition>int ESTADO::num_jogadas</definition>
        <argsstring></argsstring>
        <name>num_jogadas</name>
        <briefdescription>
        </briefdescription>
        <detaileddescription>
<para>Numero de jogadas </para>        </detaileddescription>
        <inbodydescription>
        </inbodydescription>
        <location file="camadaDeDados.h" line="63" column="1" bodyfile="camadaDeDados.h" bodystart="63" bodyend="-1"/>
      </memberdef>
      <memberdef kind="variable" id="structESTADO_1a5dd28e2e68b7aef2b6b7ea88e02eff58" prot="public" static="no" mutable="no">
        <type>int</type>
        <definition>int ESTADO::jogador_atual</definition>
        <argsstring></argsstring>
        <name>jogador_atual</name>
        <briefdescription>
        </briefdescription>
        <detaileddescription>
<para>Jogador atual </para>        </detaileddescription>
        <inbodydescription>
        </inbodydescription>
        <location file="camadaDeDados.h" line="67" column="1" bodyfile="camadaDeDados.h" bodystart="67" bodyend="-1"/>
      </memberdef>
      <memberdef kind="variable" id="structESTADO_1a5632721fdfcc6c98f084c91aef5b6e25" prot="public" static="no" mutable="no">
        <type>int</type>
        <definition>int ESTADO::count_jog</definition>
        <argsstring></argsstring>
        <name>count_jog</name>
        <briefdescription>
        </briefdescription>
        <detaileddescription>
<para>Contador para a troca de jogador </para>        </detaileddescription>
        <inbodydescription>
        </inbodydescription>
        <location file="camadaDeDados.h" line="71" column="1" bodyfile="camadaDeDados.h" bodystart="71" bodyend="-1"/>
      </memberdef>
      <memberdef kind="variable" id="structESTADO_1a36e8d21ac156e82ce914ccdafc6796ea" prot="public" static="no" mutable="no">
        <type>int</type>
        <definition>int ESTADO::count_mov</definition>
        <argsstring></argsstring>
        <name>count_mov</name>
        <briefdescription>
        </briefdescription>
        <detaileddescription>
<para>Contador para todos os movimentos do jogo </para>        </detaileddescription>
        <inbodydescription>
        </inbodydescription>
        <location file="camadaDeDados.h" line="75" column="1" bodyfile="camadaDeDados.h" bodystart="75" bodyend="-1"/>
      </memberdef>
      <memberdef kind="variable" id="structESTADO_1a49b04d6940f820509146c9162ac10542" prot="public" static="no" mutable="no">
        <type>int</type>
        <definition>int ESTADO::count_movs</definition>
        <argsstring></argsstring>
        <name>count_movs</name>
        <briefdescription>
        </briefdescription>
        <detaileddescription>
<para>Contador para os movimentos sendo auxiliar para a funcionalidade do estado </para>        </detaileddescription>
        <inbodydescription>
        </inbodydescription>
        <location file="camadaDeDados.h" line="79" column="1" bodyfile="camadaDeDados.h" bodystart="79" bodyend="-1"/>
      </memberdef>
      <memberdef kind="variable" id="structESTADO_1a248a8554633b7e8e40142e5b8c4e6960" prot="public" static="no" mutable="no">
        <type>int</type>
        <definition>int ESTADO::num</definition>
        <argsstring></argsstring>
        <name>num</name>
        <briefdescription>
        </briefdescription>
        <detaileddescription>
<para>Caso de paragem </para>        </detaileddescription>
        <inbodydescription>
        </inbodydescription>
        <location file="camadaDeDados.h" line="83" column="1" bodyfile="camadaDeDados.h" bodystart="83" bodyend="-1"/>
      </memberdef>
      <memberdef kind="variable" id="structESTADO_1ae0aaae1dc17799598305cd40a3ca2ba8" prot="public" static="no" mutable="no">
        <type>int</type>
        <definition>int ESTADO::qntjogs</definition>
        <argsstring></argsstring>
        <name>qntjogs</name>
        <briefdescription>
        </briefdescription>
        <detaileddescription>
<para>Conta quantas possiveis jogadas </para>        </detaileddescription>
        <inbodydescription>
        </inbodydescription>
        <location file="camadaDeDados.h" line="87" column="1" bodyfile="camadaDeDados.h" bodystart="87" bodyend="-1"/>
      </memberdef>
      <memberdef kind="variable" id="structESTADO_1ab9b11998a54bde459f72cbbc32e79b0b" prot="public" static="no" mutable="no">
        <type><ref refid="structCOORDENADA" kindref="compound">COORDENADA</ref></type>
        <definition>COORDENADA ESTADO::possiveis_jog[8]</definition>
        <argsstring>[8]</argsstring>
        <name>possiveis_jog</name>
        <briefdescription>
        </briefdescription>
        <detaileddescription>
<para>Array com as possiveis coordenadas </para>        </detaileddescription>
        <inbodydescription>
        </inbodydescription>
        <location file="camadaDeDados.h" line="91" column="1" bodyfile="camadaDeDados.h" bodystart="91" bodyend="-1"/>
      </memberdef>
      <memberdef kind="variable" id="structESTADO_1a4896a5c5c1f40b43fb795623327e3f47" prot="public" static="no" mutable="no">
        <type><ref refid="structCOORDENADA" kindref="compound">COORDENADA</ref></type>
        <definition>COORDENADA ESTADO::ultima_jogada</definition>
        <argsstring></argsstring>
        <name>ultima_jogada</name>
        <briefdescription>
        </briefdescription>
        <detaileddescription>
<para>Coordenada da ultima jogada </para>        </detaileddescription>
        <inbodydescription>
        </inbodydescription>
        <location file="camadaDeDados.h" line="95" column="1" bodyfile="camadaDeDados.h" bodystart="95" bodyend="-1"/>
      </memberdef>
      </sectiondef>
    <briefdescription>
<para>Informações do estado tab(tabuleiro), numero de jogadas (começa no 0), jogador atual (começa no jogador 1) </para>    </briefdescription>
    <detaileddescription>
    </detaileddescription>
    <collaborationgraph>
      <node id="5">
        <label>JOGADA</label>
        <link refid="structJOGADA"/>
        <childnode refid="4" relation="usage">
          <edgelabel>jogador1</edgelabel>
          <edgelabel>jogador2</edgelabel>
        </childnode>
      </node>
      <node id="4">
        <label>COORDENADA</label>
        <link refid="structCOORDENADA"/>
      </node>
      <node id="3">
        <label>ESTADO</label>
        <link refid="structESTADO"/>
        <childnode refid="4" relation="usage">
          <edgelabel>ultima_jogada</edgelabel>
          <edgelabel>possiveis_jog</edgelabel>
        </childnode>
        <childnode refid="5" relation="usage">
          <edgelabel>jogadas</edgelabel>
        </childnode>
      </node>
    </collaborationgraph>
    <location file="camadaDeDados.h" line="51" column="1" bodyfile="camadaDeDados.h" bodystart="51" bodyend="96"/>
    <listofallmembers>
      <member refid="structESTADO_1a5632721fdfcc6c98f084c91aef5b6e25" prot="public" virt="non-virtual"><scope>ESTADO</scope><name>count_jog</name></member>
      <member refid="structESTADO_1a36e8d21ac156e82ce914ccdafc6796ea" prot="public" virt="non-virtual"><scope>ESTADO</scope><name>count_mov</name></member>
      <member refid="structESTADO_1a49b04d6940f820509146c9162ac10542" prot="public" virt="non-virtual"><scope>ESTADO</scope><name>count_movs</name></member>
      <member refid="structESTADO_1afae43b87a488fad0f2b56a18bad31d18" prot="public" virt="non-virtual"><scope>ESTADO</scope><name>jogadas</name></member>
      <member refid="structESTADO_1a5dd28e2e68b7aef2b6b7ea88e02eff58" prot="public" virt="non-virtual"><scope>ESTADO</scope><name>jogador_atual</name></member>
      <member refid="structESTADO_1a248a8554633b7e8e40142e5b8c4e6960" prot="public" virt="non-virtual"><scope>ESTADO</scope><name>num</name></member>
      <member refid="structESTADO_1a261495728744647e618b4e623f5a4b7a" prot="public" virt="non-virtual"><scope>ESTADO</scope><name>num_jogadas</name></member>
      <member refid="structESTADO_1ab9b11998a54bde459f72cbbc32e79b0b" prot="public" virt="non-virtual"><scope>ESTADO</scope><name>possiveis_jog</name></member>
      <member refid="structESTADO_1ae0aaae1dc17799598305cd40a3ca2ba8" prot="public" virt="non-virtual"><scope>ESTADO</scope><name>qntjogs</name></member>
      <member refid="structESTADO_1ab56f0f1be16954d3768b4174d14c087d" prot="public" virt="non-virtual"><scope>ESTADO</scope><name>tab</name></member>
      <member refid="structESTADO_1a4896a5c5c1f40b43fb795623327e3f47" prot="public" virt="non-virtual"><scope>ESTADO</scope><name>ultima_jogada</name></member>
    </listofallmembers>
  </compounddef>
</doxygen>
