<?xml version='1.0' encoding='UTF-8' standalone='no'?>
<doxygen xmlns:xsi="http://www.w3.org/2001/XMLSchema-instance" xsi:noNamespaceSchemaLocation="compound.xsd" version="1.8.13">
  <compounddef id="structlista" kind="struct" language="C++" prot="public">
    <compoundname>lista</compoundname>
    <includes refid="lista_8h" local="no">lista.h</includes>
      <sectiondef kind="public-attrib">
      <memberdef kind="variable" id="structlista_1a1851230b0237deef0519ee33de9f2dd0" prot="public" static="no" mutable="no">
        <type>void *</type>
        <definition>void* lista::valor</definition>
        <argsstring></argsstring>
        <name>valor</name>
        <briefdescription>
        </briefdescription>
        <detaileddescription>
<para>Void no qual a lista ligada pode receber qualquer tipo </para>        </detaileddescription>
        <inbodydescription>
        </inbodydescription>
        <location file="lista.h" line="11" column="1" bodyfile="lista.h" bodystart="11" bodyend="-1"/>
      </memberdef>
      <memberdef kind="variable" id="structlista_1a3b0e375147c1163d74544fd206a1f1de" prot="public" static="no" mutable="no">
        <type>struct <ref refid="structlista" kindref="compound">lista</ref> *</type>
        <definition>struct lista* lista::prox</definition>
        <argsstring></argsstring>
        <name>prox</name>
        <briefdescription>
        </briefdescription>
        <detaileddescription>
<para>Da o proximo da lista </para>        </detaileddescription>
        <inbodydescription>
        </inbodydescription>
        <location file="lista.h" line="15" column="1" bodyfile="lista.h" bodystart="15" bodyend="-1"/>
      </memberdef>
      </sectiondef>
    <briefdescription>
<para>Struct de lista ligada generalizada, ou seja, com void. </para>    </briefdescription>
    <detaileddescription>
    </detaileddescription>
    <collaborationgraph>
      <node id="10">
        <label>lista</label>
        <link refid="structlista"/>
        <childnode refid="10" relation="usage">
          <edgelabel>prox</edgelabel>
        </childnode>
      </node>
    </collaborationgraph>
    <location file="lista.h" line="7" column="1" bodyfile="lista.h" bodystart="7" bodyend="16"/>
    <listofallmembers>
      <member refid="structlista_1a3b0e375147c1163d74544fd206a1f1de" prot="public" virt="non-virtual"><scope>lista</scope><name>prox</name></member>
      <member refid="structlista_1a1851230b0237deef0519ee33de9f2dd0" prot="public" virt="non-virtual"><scope>lista</scope><name>valor</name></member>
    </listofallmembers>
  </compounddef>
</doxygen>
