<?xml version='1.0' encoding='UTF-8' standalone='no'?>
<doxygen xmlns:xsi="http://www.w3.org/2001/XMLSchema-instance" xsi:noNamespaceSchemaLocation="compound.xsd" version="1.8.13">
  <compounddef id="structJOGADA" kind="struct" language="C++" prot="public">
    <compoundname>JOGADA</compoundname>
    <includes refid="camadaDeDados_8h" local="no">camadaDeDados.h</includes>
      <sectiondef kind="public-attrib">
      <memberdef kind="variable" id="structJOGADA_1a93d9306cb0c49b66b7d9a615bffe0149" prot="public" static="no" mutable="no">
        <type><ref refid="structCOORDENADA" kindref="compound">COORDENADA</ref></type>
        <definition>COORDENADA JOGADA::jogador1</definition>
        <argsstring></argsstring>
        <name>jogador1</name>
        <briefdescription>
        </briefdescription>
        <detaileddescription>
<para>Coordenada do jogador 1 </para>        </detaileddescription>
        <inbodydescription>
        </inbodydescription>
        <location file="camadaDeDados.h" line="35" column="1" bodyfile="camadaDeDados.h" bodystart="35" bodyend="-1"/>
      </memberdef>
      <memberdef kind="variable" id="structJOGADA_1ab46b16dfbdc7f2af9430c8dcdac0914b" prot="public" static="no" mutable="no">
        <type><ref refid="structCOORDENADA" kindref="compound">COORDENADA</ref></type>
        <definition>COORDENADA JOGADA::jogador2</definition>
        <argsstring></argsstring>
        <name>jogador2</name>
        <briefdescription>
        </briefdescription>
        <detaileddescription>
<para>Coordenada do jogador 2 </para>        </detaileddescription>
        <inbodydescription>
        </inbodydescription>
        <location file="camadaDeDados.h" line="39" column="1" bodyfile="camadaDeDados.h" bodystart="39" bodyend="-1"/>
      </memberdef>
      </sectiondef>
    <briefdescription>
<para>Typedef no qual busca quais as coordenas que o jogador 1 ou jogador 2. </para>    </briefdescription>
    <detaileddescription>
    </detaileddescription>
    <collaborationgraph>
      <node id="7">
        <label>JOGADA</label>
        <link refid="structJOGADA"/>
        <childnode refid="8" relation="usage">
          <edgelabel>jogador1</edgelabel>
          <edgelabel>jogador2</edgelabel>
        </childnode>
      </node>
      <node id="8">
        <label>COORDENADA</label>
        <link refid="structCOORDENADA"/>
      </node>
    </collaborationgraph>
    <location file="camadaDeDados.h" line="31" column="1" bodyfile="camadaDeDados.h" bodystart="31" bodyend="40"/>
    <listofallmembers>
      <member refid="structJOGADA_1a93d9306cb0c49b66b7d9a615bffe0149" prot="public" virt="non-virtual"><scope>JOGADA</scope><name>jogador1</name></member>
      <member refid="structJOGADA_1ab46b16dfbdc7f2af9430c8dcdac0914b" prot="public" virt="non-virtual"><scope>JOGADA</scope><name>jogador2</name></member>
    </listofallmembers>
  </compounddef>
</doxygen>
